INSERT INTO ubicacion_estado (id, nombre) VALUES (1,'Amazonas');
INSERT INTO ubicacion_estado (id, nombre) VALUES (2,'Anzoátegui');
INSERT INTO ubicacion_estado (id, nombre) VALUES (3,'Apure');
INSERT INTO ubicacion_estado (id, nombre) VALUES (4,'Aragua');
INSERT INTO ubicacion_estado (id, nombre) VALUES (5,'Barinas');
INSERT INTO ubicacion_estado (id, nombre) VALUES (6,'Bolívar');
INSERT INTO ubicacion_estado (id, nombre) VALUES (7,'Carabobo');
INSERT INTO ubicacion_estado (id, nombre) VALUES (8,'Cojedes');
INSERT INTO ubicacion_estado (id, nombre) VALUES (9,'Delta Amacuro');
INSERT INTO ubicacion_estado (id, nombre) VALUES (10,'Distrito Capital');
INSERT INTO ubicacion_estado (id, nombre) VALUES (11,'Falcón');
INSERT INTO ubicacion_estado (id, nombre) VALUES (12,'Guárico');
INSERT INTO ubicacion_estado (id, nombre) VALUES (13,'Lara');
INSERT INTO ubicacion_estado (id, nombre) VALUES (14,'Mérida');
INSERT INTO ubicacion_estado (id, nombre) VALUES (15,'Miranda');
INSERT INTO ubicacion_estado (id, nombre) VALUES (16,'Monagas');
INSERT INTO ubicacion_estado (id, nombre) VALUES (17,'Nueva Esparta');
INSERT INTO ubicacion_estado (id, nombre) VALUES (18,'Portuguesa');
INSERT INTO ubicacion_estado (id, nombre) VALUES (19,'Sucre');
INSERT INTO ubicacion_estado (id, nombre) VALUES (20,'Táchira');
INSERT INTO ubicacion_estado (id, nombre) VALUES (21,'Trujillo');
INSERT INTO ubicacion_estado (id, nombre) VALUES (22,'Vargas');
INSERT INTO ubicacion_estado (id, nombre) VALUES (23,'Yaracuy');
INSERT INTO ubicacion_estado (id, nombre) VALUES (24,'Zulia');


INSERT INTO ubicacion_municipio (estado_id, id, nombre) VALUES (1,1,'Alto Orinoco');
INSERT INTO ubicacion_municipio (estado_id, id, nombre) VALUES (1,2,'Atabapo');
INSERT INTO ubicacion_municipio (estado_id, id, nombre) VALUES (1,3,'Atures');
INSERT INTO ubicacion_municipio (estado_id, id, nombre) VALUES (1,4,'Autana');
INSERT INTO ubicacion_municipio (estado_id, id, nombre) VALUES (1,5,'Maroa');
INSERT INTO ubicacion_municipio (estado_id, id, nombre) VALUES (1,6,'Manapiare');
INSERT INTO ubicacion_municipio (estado_id, id, nombre) VALUES (1,7,'Río Negro');

INSERT INTO ubicacion_municipio (estado_id, id, nombre) VALUES (2,8,'Anaco');
INSERT INTO ubicacion_municipio (estado_id, id, nombre) VALUES (2,9,'Aragua');
INSERT INTO ubicacion_municipio (estado_id, id, nombre) VALUES (2,10,'Fernando de Peñalver');
INSERT INTO ubicacion_municipio (estado_id, id, nombre) VALUES (2,11,'Francisco del Carmen Carvajal');
INSERT INTO ubicacion_municipio (estado_id, id, nombre) VALUES (2,12,'Francisco de Miranda');
INSERT INTO ubicacion_municipio (estado_id, id, nombre) VALUES (2,13,'Guanta');
INSERT INTO ubicacion_municipio (estado_id, id, nombre) VALUES (2,14,'Independencia');
INSERT INTO ubicacion_municipio (estado_id, id, nombre) VALUES (2,15,'Juan Antonio Sotillo');
INSERT INTO ubicacion_municipio (estado_id, id, nombre) VALUES (2,16,'Juan Manuel Cajigal');
INSERT INTO ubicacion_municipio (estado_id, id, nombre) VALUES (2,17,'José Gregorio Monagas');
INSERT INTO ubicacion_municipio (estado_id, id, nombre) VALUES (2,18,'Libertad');
INSERT INTO ubicacion_municipio (estado_id, id, nombre) VALUES (2,19,'Manuel Ezequiel Bruzual');
INSERT INTO ubicacion_municipio (estado_id, id, nombre) VALUES (2,20,'Pedro María Freites');
INSERT INTO ubicacion_municipio (estado_id, id, nombre) VALUES (2,21,'Píritu');
INSERT INTO ubicacion_municipio (estado_id, id, nombre) VALUES (2,22,'San José de Guanipa');
INSERT INTO ubicacion_municipio (estado_id, id, nombre) VALUES (2,23,'San Juan de Capistrano');
INSERT INTO ubicacion_municipio (estado_id, id, nombre) VALUES (2,24,'Santa Ana');
INSERT INTO ubicacion_municipio (estado_id, id, nombre) VALUES (2,25,'Simón Bolívar');
INSERT INTO ubicacion_municipio (estado_id, id, nombre) VALUES (2,26,'Simón Rodríguez');
INSERT INTO ubicacion_municipio (estado_id, id, nombre) VALUES (2,27,'Sir Arthur Mc Gregor');
INSERT INTO ubicacion_municipio (estado_id, id, nombre) VALUES (2,28,'Diego Bautista Urbaneja');


INSERT INTO ubicacion_municipio (estado_id, id, nombre) VALUES (3,29,'Achaguas');
INSERT INTO ubicacion_municipio (estado_id, id, nombre) VALUES (3,30,'Biruaca');
INSERT INTO ubicacion_municipio (estado_id, id, nombre) VALUES (3,31,'Muñoz');
INSERT INTO ubicacion_municipio (estado_id, id, nombre) VALUES (3,32,'Páez');
INSERT INTO ubicacion_municipio (estado_id, id, nombre) VALUES (3,33,'Pedro Camejo');
INSERT INTO ubicacion_municipio (estado_id, id, nombre) VALUES (3,34,'Rómulo Gallegos');
INSERT INTO ubicacion_municipio (estado_id, id, nombre) VALUES (3,35,'San Fernando');


INSERT INTO ubicacion_municipio (estado_id, id, nombre) VALUES (4,36,'Bolívar');
INSERT INTO ubicacion_municipio (estado_id, id, nombre) VALUES (4,37,'Camatagua');
INSERT INTO ubicacion_municipio (estado_id, id, nombre) VALUES (4,38,'Girardot');
INSERT INTO ubicacion_municipio (estado_id, id, nombre) VALUES (4,39,'José Angel Lamas');
INSERT INTO ubicacion_municipio (estado_id, id, nombre) VALUES (4,40,'José Félix Ribas');
INSERT INTO ubicacion_municipio (estado_id, id, nombre) VALUES (4,41,'José Rafael Revenga');
INSERT INTO ubicacion_municipio (estado_id, id, nombre) VALUES (4,42,'Libertador');
INSERT INTO ubicacion_municipio (estado_id, id, nombre) VALUES (4,43,'Mario Briceño Iragorry');
INSERT INTO ubicacion_municipio (estado_id, id, nombre) VALUES (4,44,'San Casimiro');
INSERT INTO ubicacion_municipio (estado_id, id, nombre) VALUES (4,45,'San Sebastián');
INSERT INTO ubicacion_municipio (estado_id, id, nombre) VALUES (4,46,'Santiago Mariño');
INSERT INTO ubicacion_municipio (estado_id, id, nombre) VALUES (4,47,'Santos Michelena');
INSERT INTO ubicacion_municipio (estado_id, id, nombre) VALUES (4,48,'Sucre');
INSERT INTO ubicacion_municipio (estado_id, id, nombre) VALUES (4,49,'Tovar');
INSERT INTO ubicacion_municipio (estado_id, id, nombre) VALUES (4,50,'Urdaneta');
INSERT INTO ubicacion_municipio (estado_id, id, nombre) VALUES (4,51,'Zamora');
INSERT INTO ubicacion_municipio (estado_id, id, nombre) VALUES (4,52,'Francisco Linares Alcántara');
INSERT INTO ubicacion_municipio (estado_id, id, nombre) VALUES (4,53,'Ocumare de La Costa de Oro');


INSERT INTO ubicacion_municipio (estado_id, id, nombre) VALUES (5,54,'Alberto Arvelo Torrealba');
INSERT INTO ubicacion_municipio (estado_id, id, nombre) VALUES (5,55,'Antonio José de Sucre');
INSERT INTO ubicacion_municipio (estado_id, id, nombre) VALUES (5,56,'Arismendi');
INSERT INTO ubicacion_municipio (estado_id, id, nombre) VALUES (5,57,'Barinas');
INSERT INTO ubicacion_municipio (estado_id, id, nombre) VALUES (5,58,'Bolívar');
INSERT INTO ubicacion_municipio (estado_id, id, nombre) VALUES (5,59,'Cruz Paredes');
INSERT INTO ubicacion_municipio (estado_id, id, nombre) VALUES (5,60,'Ezequiel Zamora');
INSERT INTO ubicacion_municipio (estado_id, id, nombre) VALUES (5,61,'Obispos');
INSERT INTO ubicacion_municipio (estado_id, id, nombre) VALUES (5,62,'Pedraza');
INSERT INTO ubicacion_municipio (estado_id, id, nombre) VALUES (5,63,'Rojas');
INSERT INTO ubicacion_municipio (estado_id, id, nombre) VALUES (5,64,'Sosa');
INSERT INTO ubicacion_municipio (estado_id, id, nombre) VALUES (5,65,'Andrés Eloy Blanco');


INSERT INTO ubicacion_municipio (estado_id, id, nombre) VALUES (6,66,'Caroní');
INSERT INTO ubicacion_municipio (estado_id, id, nombre) VALUES (6,67,'Cedeño');
INSERT INTO ubicacion_municipio (estado_id, id, nombre) VALUES (6,68,'El Callao');
INSERT INTO ubicacion_municipio (estado_id, id, nombre) VALUES (6,69,'Gran Sabana');
INSERT INTO ubicacion_municipio (estado_id, id, nombre) VALUES (6,70,'Heres');
INSERT INTO ubicacion_municipio (estado_id, id, nombre) VALUES (6,71,'Piar');
INSERT INTO ubicacion_municipio (estado_id, id, nombre) VALUES (6,72,'Raúl Leoni');
INSERT INTO ubicacion_municipio (estado_id, id, nombre) VALUES (6,73,'Roscio');
INSERT INTO ubicacion_municipio (estado_id, id, nombre) VALUES (6,74,'Sifontes');
INSERT INTO ubicacion_municipio (estado_id, id, nombre) VALUES (6,75,'Sucre');
INSERT INTO ubicacion_municipio (estado_id, id, nombre) VALUES (6,76,'Padre Pedro Chien');


INSERT INTO ubicacion_municipio (estado_id, id, nombre) VALUES (7,77,'Bejuma');
INSERT INTO ubicacion_municipio (estado_id, id, nombre) VALUES (7,78,'Carlos Arvelo');
INSERT INTO ubicacion_municipio (estado_id, id, nombre) VALUES (7,79,'Diego Ibarra');
INSERT INTO ubicacion_municipio (estado_id, id, nombre) VALUES (7,80,'Guacara');
INSERT INTO ubicacion_municipio (estado_id, id, nombre) VALUES (7,81,'Juan José Mora');
INSERT INTO ubicacion_municipio (estado_id, id, nombre) VALUES (7,82,'Libertador');
INSERT INTO ubicacion_municipio (estado_id, id, nombre) VALUES (7,83,'Los Guayos');
INSERT INTO ubicacion_municipio (estado_id, id, nombre) VALUES (7,84,'Miranda');
INSERT INTO ubicacion_municipio (estado_id, id, nombre) VALUES (7,85,'Montalbán');
INSERT INTO ubicacion_municipio (estado_id, id, nombre) VALUES (7,86,'Naguanagua');
INSERT INTO ubicacion_municipio (estado_id, id, nombre) VALUES (7,87,'Puerto Cabello');
INSERT INTO ubicacion_municipio (estado_id, id, nombre) VALUES (7,88,'San Diego');
INSERT INTO ubicacion_municipio (estado_id, id, nombre) VALUES (7,89,'San Joaquín');
INSERT INTO ubicacion_municipio (estado_id, id, nombre) VALUES (7,90,'Valencia');


INSERT INTO ubicacion_municipio (estado_id, id, nombre) VALUES (8,91,'Anzoátegui');
INSERT INTO ubicacion_municipio (estado_id, id, nombre) VALUES (8,92,'Falcón');
INSERT INTO ubicacion_municipio (estado_id, id, nombre) VALUES (8,93,'Girardot');
INSERT INTO ubicacion_municipio (estado_id, id, nombre) VALUES (8,94,'Lima Blanco');
INSERT INTO ubicacion_municipio (estado_id, id, nombre) VALUES (8,95,'Pao de San Juan Bautista');
INSERT INTO ubicacion_municipio (estado_id, id, nombre) VALUES (8,96,'Ricaurte');
INSERT INTO ubicacion_municipio (estado_id, id, nombre) VALUES (8,97,'Rómulo Gallegos');
INSERT INTO ubicacion_municipio (estado_id, id, nombre) VALUES (8,98,'San Carlos');
INSERT INTO ubicacion_municipio (estado_id, id, nombre) VALUES (8,99,'Tinaco');


INSERT INTO ubicacion_municipio (estado_id, id, nombre) VALUES (9,100,'Antonio Díaz');
INSERT INTO ubicacion_municipio (estado_id, id, nombre) VALUES (9,101,'Casacoima');
INSERT INTO ubicacion_municipio (estado_id, id, nombre) VALUES (9,102,'Pedernales');
INSERT INTO ubicacion_municipio (estado_id, id, nombre) VALUES (9,103,'Tucupita');


INSERT INTO ubicacion_municipio (estado_id, id, nombre) VALUES (10,104,'Libertador');


INSERT INTO ubicacion_municipio (estado_id, id, nombre) VALUES (11,105,'Acosta');
INSERT INTO ubicacion_municipio (estado_id, id, nombre) VALUES (11,106,'Bolívar');
INSERT INTO ubicacion_municipio (estado_id, id, nombre) VALUES (11,107,'Buchivacoa');
INSERT INTO ubicacion_municipio (estado_id, id, nombre) VALUES (11,108,'Cacique Manaure');
INSERT INTO ubicacion_municipio (estado_id, id, nombre) VALUES (11,109,'Carirubana');
INSERT INTO ubicacion_municipio (estado_id, id, nombre) VALUES (11,110,'Colina');
INSERT INTO ubicacion_municipio (estado_id, id, nombre) VALUES (11,111,'Dabajuro');
INSERT INTO ubicacion_municipio (estado_id, id, nombre) VALUES (11,112,'Democracia');
INSERT INTO ubicacion_municipio (estado_id, id, nombre) VALUES (11,113,'Falcón');
INSERT INTO ubicacion_municipio (estado_id, id, nombre) VALUES (11,114,'Federación');
INSERT INTO ubicacion_municipio (estado_id, id, nombre) VALUES (11,115,'Jacura');
INSERT INTO ubicacion_municipio (estado_id, id, nombre) VALUES (11,116,'Los Teques');
INSERT INTO ubicacion_municipio (estado_id, id, nombre) VALUES (11,117,'Anaco');
INSERT INTO ubicacion_municipio (estado_id, id, nombre) VALUES (11,118,'Mauroa');
INSERT INTO ubicacion_municipio (estado_id, id, nombre) VALUES (11,119,'Miranda');
INSERT INTO ubicacion_municipio (estado_id, id, nombre) VALUES (11,120,'Palmasola');
INSERT INTO ubicacion_municipio (estado_id, id, nombre) VALUES (11,121,'Petit');
INSERT INTO ubicacion_municipio (estado_id, id, nombre) VALUES (11,122,'Píritu');
INSERT INTO ubicacion_municipio (estado_id, id, nombre) VALUES (11,123,'San Francisco');
INSERT INTO ubicacion_municipio (estado_id, id, nombre) VALUES (11,124,'Silva');
INSERT INTO ubicacion_municipio (estado_id, id, nombre) VALUES (11,125,'Sucre');
INSERT INTO ubicacion_municipio (estado_id, id, nombre) VALUES (11,126,'Tocópero');
INSERT INTO ubicacion_municipio (estado_id, id, nombre) VALUES (11,127,'Unión');
INSERT INTO ubicacion_municipio (estado_id, id, nombre) VALUES (11,128,'Urumaco');
INSERT INTO ubicacion_municipio (estado_id, id, nombre) VALUES (11,129,'Zamora');


INSERT INTO ubicacion_municipio (estado_id, id, nombre) VALUES (12,130,'Camaguán,');
INSERT INTO ubicacion_municipio (estado_id, id, nombre) VALUES (12,131,'Chaguaramas');
INSERT INTO ubicacion_municipio (estado_id, id, nombre) VALUES (12,132,'El Socorro');
INSERT INTO ubicacion_municipio (estado_id, id, nombre) VALUES (12,133,'San Gerónimo de Guayabal');
INSERT INTO ubicacion_municipio (estado_id, id, nombre) VALUES (12,134,'Leonardo Infante');
INSERT INTO ubicacion_municipio (estado_id, id, nombre) VALUES (12,135,'Las Mercedes');
INSERT INTO ubicacion_municipio (estado_id, id, nombre) VALUES (12,136,'Julián Mellado');
INSERT INTO ubicacion_municipio (estado_id, id, nombre) VALUES (12,137,'Francisco de Miranda');
INSERT INTO ubicacion_municipio (estado_id, id, nombre) VALUES (12,138,'José Tadeo Monagas');
INSERT INTO ubicacion_municipio (estado_id, id, nombre) VALUES (12,139,'Ortiz');
INSERT INTO ubicacion_municipio (estado_id, id, nombre) VALUES (12,140,'José Félix Ribas');
INSERT INTO ubicacion_municipio (estado_id, id, nombre) VALUES (12,141,'Juan Germán Roscio');
INSERT INTO ubicacion_municipio (estado_id, id, nombre) VALUES (12,142,'San José de Guaribe');
INSERT INTO ubicacion_municipio (estado_id, id, nombre) VALUES (12,143,'Santa María de Ipire');
INSERT INTO ubicacion_municipio (estado_id, id, nombre) VALUES (12,144,'Pedro Zaraza');


INSERT INTO ubicacion_municipio (estado_id, id, nombre) VALUES (13,145,'Andrés Eloy Blanco');
INSERT INTO ubicacion_municipio (estado_id, id, nombre) VALUES (13,146,'Crespo');
INSERT INTO ubicacion_municipio (estado_id, id, nombre) VALUES (13,147,'Iribarren');
INSERT INTO ubicacion_municipio (estado_id, id, nombre) VALUES (13,148,'Jiménez');
INSERT INTO ubicacion_municipio (estado_id, id, nombre) VALUES (13,149,'Morán');
INSERT INTO ubicacion_municipio (estado_id, id, nombre) VALUES (13,150,'Palavecino');
INSERT INTO ubicacion_municipio (estado_id, id, nombre) VALUES (13,151,'Simón Planas');
INSERT INTO ubicacion_municipio (estado_id, id, nombre) VALUES (13,152,'Torres');
INSERT INTO ubicacion_municipio (estado_id, id, nombre) VALUES (13,153,'Urdaneta');


INSERT INTO ubicacion_municipio (estado_id, id, nombre) VALUES (14,154,'Alberto Adriani');
INSERT INTO ubicacion_municipio (estado_id, id, nombre) VALUES (14,155,'Andrés Bello');
INSERT INTO ubicacion_municipio (estado_id, id, nombre) VALUES (14,156,'Antonio Pinto Salinas');
INSERT INTO ubicacion_municipio (estado_id, id, nombre) VALUES (14,157,'Aricagua');
INSERT INTO ubicacion_municipio (estado_id, id, nombre) VALUES (14,158,'Arzobispo Chacó');
INSERT INTO ubicacion_municipio (estado_id, id, nombre) VALUES (14,159,'Campo Elías');
INSERT INTO ubicacion_municipio (estado_id, id, nombre) VALUES (14,160,'Caracciolo Parra Olmedo');
INSERT INTO ubicacion_municipio (estado_id, id, nombre) VALUES (14,161,'Cardenal Quintero');
INSERT INTO ubicacion_municipio (estado_id, id, nombre) VALUES (14,162,'Guaraque');
INSERT INTO ubicacion_municipio (estado_id, id, nombre) VALUES (14,163,'Julio César Salas');
INSERT INTO ubicacion_municipio (estado_id, id, nombre) VALUES (14,164,'Justo Briceño');
INSERT INTO ubicacion_municipio (estado_id, id, nombre) VALUES (14,165,'Libertador');
INSERT INTO ubicacion_municipio (estado_id, id, nombre) VALUES (14,166,'Miranda');
INSERT INTO ubicacion_municipio (estado_id, id, nombre) VALUES (14,167,'Obispo Ramos de Lora');
INSERT INTO ubicacion_municipio (estado_id, id, nombre) VALUES (14,168,'Padre Noguera');
INSERT INTO ubicacion_municipio (estado_id, id, nombre) VALUES (14,169,'Pueblo Llano');
INSERT INTO ubicacion_municipio (estado_id, id, nombre) VALUES (14,170,'Rangel');
INSERT INTO ubicacion_municipio (estado_id, id, nombre) VALUES (14,171,'Rivas Dávila');
INSERT INTO ubicacion_municipio (estado_id, id, nombre) VALUES (14,172,'Santos Marquina');
INSERT INTO ubicacion_municipio (estado_id, id, nombre) VALUES (14,173,'Sucre');
INSERT INTO ubicacion_municipio (estado_id, id, nombre) VALUES (14,174,'Tovar');
INSERT INTO ubicacion_municipio (estado_id, id, nombre) VALUES (14,175,'Tulio Febres Cordero');
INSERT INTO ubicacion_municipio (estado_id, id, nombre) VALUES (14,176,'Zea');


INSERT INTO ubicacion_municipio (estado_id, id, nombre) VALUES (15,177,'Acevedo');
INSERT INTO ubicacion_municipio (estado_id, id, nombre) VALUES (15,178,'Andrés Bello');
INSERT INTO ubicacion_municipio (estado_id, id, nombre) VALUES (15,179,'Baruta');
INSERT INTO ubicacion_municipio (estado_id, id, nombre) VALUES (15,180,'Brión');
INSERT INTO ubicacion_municipio (estado_id, id, nombre) VALUES (15,181,'Buroz');
INSERT INTO ubicacion_municipio (estado_id, id, nombre) VALUES (15,182,'Carrizal');
INSERT INTO ubicacion_municipio (estado_id, id, nombre) VALUES (15,183,'Chacao');
INSERT INTO ubicacion_municipio (estado_id, id, nombre) VALUES (15,184,'Cristóbal Rojas');
INSERT INTO ubicacion_municipio (estado_id, id, nombre) VALUES (15,185,'El Hatillo');
INSERT INTO ubicacion_municipio (estado_id, id, nombre) VALUES (15,186,'Guaicaipuro');
INSERT INTO ubicacion_municipio (estado_id, id, nombre) VALUES (15,187,'Independencia');
INSERT INTO ubicacion_municipio (estado_id, id, nombre) VALUES (15,188,'Lander');
INSERT INTO ubicacion_municipio (estado_id, id, nombre) VALUES (15,189,'Los Salias');
INSERT INTO ubicacion_municipio (estado_id, id, nombre) VALUES (15,190,'Páez');
INSERT INTO ubicacion_municipio (estado_id, id, nombre) VALUES (15,191,'Paz Castillo');
INSERT INTO ubicacion_municipio (estado_id, id, nombre) VALUES (15,192,'Pedro Gual');
INSERT INTO ubicacion_municipio (estado_id, id, nombre) VALUES (15,193,'Plaza');
INSERT INTO ubicacion_municipio (estado_id, id, nombre) VALUES (15,194,'Simón Bolíva');
INSERT INTO ubicacion_municipio (estado_id, id, nombre) VALUES (15,195,'Sucre');
INSERT INTO ubicacion_municipio (estado_id, id, nombre) VALUES (15,196,'Urdaneta');
INSERT INTO ubicacion_municipio (estado_id, id, nombre) VALUES (15,197,'Zamora');


INSERT INTO ubicacion_municipio (estado_id, id, nombre) VALUES (16,198,'Acosta');
INSERT INTO ubicacion_municipio (estado_id, id, nombre) VALUES (16,199,'Aguasay');
INSERT INTO ubicacion_municipio (estado_id, id, nombre) VALUES (16,200,'Bolívar');
INSERT INTO ubicacion_municipio (estado_id, id, nombre) VALUES (16,201,'Caripe');
INSERT INTO ubicacion_municipio (estado_id, id, nombre) VALUES (16,202,'Cedeño');
INSERT INTO ubicacion_municipio (estado_id, id, nombre) VALUES (16,203,'Ezequiel Zamora');
INSERT INTO ubicacion_municipio (estado_id, id, nombre) VALUES (16,204,'Libertador');
INSERT INTO ubicacion_municipio (estado_id, id, nombre) VALUES (16,205,'Maturín');
INSERT INTO ubicacion_municipio (estado_id, id, nombre) VALUES (16,206,'Piar');
INSERT INTO ubicacion_municipio (estado_id, id, nombre) VALUES (16,207,'Punceres');
INSERT INTO ubicacion_municipio (estado_id, id, nombre) VALUES (16,208,'Santa Bárbara');
INSERT INTO ubicacion_municipio (estado_id, id, nombre) VALUES (16,209,'Sotillo');
INSERT INTO ubicacion_municipio (estado_id, id, nombre) VALUES (16,210,'Uracoa');


INSERT INTO ubicacion_municipio (estado_id, id, nombre) VALUES (17,211,'Antolín del Campo');
INSERT INTO ubicacion_municipio (estado_id, id, nombre) VALUES (17,212,'Arismendi');
INSERT INTO ubicacion_municipio (estado_id, id, nombre) VALUES (17,213,'Díaz');
INSERT INTO ubicacion_municipio (estado_id, id, nombre) VALUES (17,214,'García');
INSERT INTO ubicacion_municipio (estado_id, id, nombre) VALUES (17,215,'Gómez');
INSERT INTO ubicacion_municipio (estado_id, id, nombre) VALUES (17,216,'Maneiro');
INSERT INTO ubicacion_municipio (estado_id, id, nombre) VALUES (17,217,'Marcano');
INSERT INTO ubicacion_municipio (estado_id, id, nombre) VALUES (17,218,'Mariño');
INSERT INTO ubicacion_municipio (estado_id, id, nombre) VALUES (17,219,'Península de Macanao');
INSERT INTO ubicacion_municipio (estado_id, id, nombre) VALUES (17,220,'Tubores');
INSERT INTO ubicacion_municipio (estado_id, id, nombre) VALUES (17,221,'Villalba');


INSERT INTO ubicacion_municipio (estado_id, id, nombre) VALUES (18,222,'Agua Blanca');
INSERT INTO ubicacion_municipio (estado_id, id, nombre) VALUES (18,223,'Araure');
INSERT INTO ubicacion_municipio (estado_id, id, nombre) VALUES (18,224,'Esteller');
INSERT INTO ubicacion_municipio (estado_id, id, nombre) VALUES (18,225,'Guanare');
INSERT INTO ubicacion_municipio (estado_id, id, nombre) VALUES (18,226,'Guanarito');
INSERT INTO ubicacion_municipio (estado_id, id, nombre) VALUES (18,227,'Monseñor José Vicente de Unda');
INSERT INTO ubicacion_municipio (estado_id, id, nombre) VALUES (18,228,'Ospino');
INSERT INTO ubicacion_municipio (estado_id, id, nombre) VALUES (18,229,'Páez');
INSERT INTO ubicacion_municipio (estado_id, id, nombre) VALUES (18,230,'Papelón');
INSERT INTO ubicacion_municipio (estado_id, id, nombre) VALUES (18,231,'San Genaro de Boconoito');
INSERT INTO ubicacion_municipio (estado_id, id, nombre) VALUES (18,232,'San Rafael de Onoto');
INSERT INTO ubicacion_municipio (estado_id, id, nombre) VALUES (18,233,'Santa Rosalía');
INSERT INTO ubicacion_municipio (estado_id, id, nombre) VALUES (18,234,'Sucre');
INSERT INTO ubicacion_municipio (estado_id, id, nombre) VALUES (18,235,'Turén');


INSERT INTO ubicacion_municipio (estado_id, id, nombre) VALUES (19,236,'Andrés Eloy Blanco');
INSERT INTO ubicacion_municipio (estado_id, id, nombre) VALUES (19,237,'Andrés Mata');
INSERT INTO ubicacion_municipio (estado_id, id, nombre) VALUES (19,238,'Arismendi');
INSERT INTO ubicacion_municipio (estado_id, id, nombre) VALUES (19,239,'Benítez');
INSERT INTO ubicacion_municipio (estado_id, id, nombre) VALUES (19,240,'Bermúdez');
INSERT INTO ubicacion_municipio (estado_id, id, nombre) VALUES (19,241,'Bolívar');
INSERT INTO ubicacion_municipio (estado_id, id, nombre) VALUES (19,242,'Cajigal');
INSERT INTO ubicacion_municipio (estado_id, id, nombre) VALUES (19,243,'Cruz Salmerón Acosta');
INSERT INTO ubicacion_municipio (estado_id, id, nombre) VALUES (19,244,'Libertador');
INSERT INTO ubicacion_municipio (estado_id, id, nombre) VALUES (19,245,'Mariño');
INSERT INTO ubicacion_municipio (estado_id, id, nombre) VALUES (19,246,'Mejía');
INSERT INTO ubicacion_municipio (estado_id, id, nombre) VALUES (19,247,'Montes');
INSERT INTO ubicacion_municipio (estado_id, id, nombre) VALUES (19,248,'Ribero');
INSERT INTO ubicacion_municipio (estado_id, id, nombre) VALUES (19,249,'Sucre');
INSERT INTO ubicacion_municipio (estado_id, id, nombre) VALUES (19,250,'Valdéz');


INSERT INTO ubicacion_municipio (estado_id, id, nombre) VALUES (20,251,'Andrés Bello');
INSERT INTO ubicacion_municipio (estado_id, id, nombre) VALUES (20,252,'Antonio Rómulo Costa');
INSERT INTO ubicacion_municipio (estado_id, id, nombre) VALUES (20,253,'Ayacucho');
INSERT INTO ubicacion_municipio (estado_id, id, nombre) VALUES (20,254,'Bolívar');
INSERT INTO ubicacion_municipio (estado_id, id, nombre) VALUES (20,255,'Cárdenas');
INSERT INTO ubicacion_municipio (estado_id, id, nombre) VALUES (20,256,'Córdoba');
INSERT INTO ubicacion_municipio (estado_id, id, nombre) VALUES (20,257,'Fernández Feo');
INSERT INTO ubicacion_municipio (estado_id, id, nombre) VALUES (20,258,'Francisco de Miranda');
INSERT INTO ubicacion_municipio (estado_id, id, nombre) VALUES (20,259,'García de Hevia');
INSERT INTO ubicacion_municipio (estado_id, id, nombre) VALUES (20,260,'Guásimos');
INSERT INTO ubicacion_municipio (estado_id, id, nombre) VALUES (20,261,'Independencia');
INSERT INTO ubicacion_municipio (estado_id, id, nombre) VALUES (20,262,'Jáuregui');
INSERT INTO ubicacion_municipio (estado_id, id, nombre) VALUES (20,263,'José María Vargas');
INSERT INTO ubicacion_municipio (estado_id, id, nombre) VALUES (20,264,'Junín');
INSERT INTO ubicacion_municipio (estado_id, id, nombre) VALUES (20,265,'Libertad');
INSERT INTO ubicacion_municipio (estado_id, id, nombre) VALUES (20,266,'Libertador');
INSERT INTO ubicacion_municipio (estado_id, id, nombre) VALUES (20,267,'Lobatera');
INSERT INTO ubicacion_municipio (estado_id, id, nombre) VALUES (20,268,'Michelena');
INSERT INTO ubicacion_municipio (estado_id, id, nombre) VALUES (20,269,'Panamericano');
INSERT INTO ubicacion_municipio (estado_id, id, nombre) VALUES (20,270,'Pedro María Ureña');
INSERT INTO ubicacion_municipio (estado_id, id, nombre) VALUES (20,271,'Rafael Urdaneta');
INSERT INTO ubicacion_municipio (estado_id, id, nombre) VALUES (20,272,'Samuel Darío Maldonado');
INSERT INTO ubicacion_municipio (estado_id, id, nombre) VALUES (20,273,'San Cristóbal');
INSERT INTO ubicacion_municipio (estado_id, id, nombre) VALUES (20,274,'Seboruco');
INSERT INTO ubicacion_municipio (estado_id, id, nombre) VALUES (20,275,'Simón Rodríguez');
INSERT INTO ubicacion_municipio (estado_id, id, nombre) VALUES (20,276,'Sucre');
INSERT INTO ubicacion_municipio (estado_id, id, nombre) VALUES (20,277,'Torbes');
INSERT INTO ubicacion_municipio (estado_id, id, nombre) VALUES (20,278,'Uribante');
INSERT INTO ubicacion_municipio (estado_id, id, nombre) VALUES (20,279,'San Judas Tadeo');


INSERT INTO ubicacion_municipio (estado_id, id, nombre) VALUES (21,280,'Andrés Bello');
INSERT INTO ubicacion_municipio (estado_id, id, nombre) VALUES (21,281,'Boconó');
INSERT INTO ubicacion_municipio (estado_id, id, nombre) VALUES (21,282,'Bolívar');
INSERT INTO ubicacion_municipio (estado_id, id, nombre) VALUES (21,283,'Candelaria');
INSERT INTO ubicacion_municipio (estado_id, id, nombre) VALUES (21,284,'Carache');
INSERT INTO ubicacion_municipio (estado_id, id, nombre) VALUES (21,285,'Escuque');
INSERT INTO ubicacion_municipio (estado_id, id, nombre) VALUES (21,286,'José Felipe Márquez Cañizales');
INSERT INTO ubicacion_municipio (estado_id, id, nombre) VALUES (21,287,'Juan Vicente Campo Elías');
INSERT INTO ubicacion_municipio (estado_id, id, nombre) VALUES (21,288,'La Ceiba');
INSERT INTO ubicacion_municipio (estado_id, id, nombre) VALUES (21,289,'Miranda');
INSERT INTO ubicacion_municipio (estado_id, id, nombre) VALUES (21,290,'Monte Carmelo');
INSERT INTO ubicacion_municipio (estado_id, id, nombre) VALUES (21,291,'Motatán');
INSERT INTO ubicacion_municipio (estado_id, id, nombre) VALUES (21,292,'Pampán');
INSERT INTO ubicacion_municipio (estado_id, id, nombre) VALUES (21,293,'Pampanito');
INSERT INTO ubicacion_municipio (estado_id, id, nombre) VALUES (21,294,'Rafael Rangel');
INSERT INTO ubicacion_municipio (estado_id, id, nombre) VALUES (21,295,'San Rafael de Carvajal');
INSERT INTO ubicacion_municipio (estado_id, id, nombre) VALUES (21,296,'Sucre');
INSERT INTO ubicacion_municipio (estado_id, id, nombre) VALUES (21,297,'Trujillo');
INSERT INTO ubicacion_municipio (estado_id, id, nombre) VALUES (21,298,'Urdaneta');
INSERT INTO ubicacion_municipio (estado_id, id, nombre) VALUES (21,299,'Valera');


INSERT INTO ubicacion_municipio (estado_id, id, nombre) VALUES (22,300,'Vargas');


INSERT INTO ubicacion_municipio (estado_id, id, nombre) VALUES (23,301,'Arístides Bastidas');
INSERT INTO ubicacion_municipio (estado_id, id, nombre) VALUES (23,302,'Bolívar');
INSERT INTO ubicacion_municipio (estado_id, id, nombre) VALUES (23,303,'Bruzual');
INSERT INTO ubicacion_municipio (estado_id, id, nombre) VALUES (23,304,'Cocorote');
INSERT INTO ubicacion_municipio (estado_id, id, nombre) VALUES (23,305,'Independencia');
INSERT INTO ubicacion_municipio (estado_id, id, nombre) VALUES (23,306,'José Antonio Páez');
INSERT INTO ubicacion_municipio (estado_id, id, nombre) VALUES (23,307,'La Trinidad');
INSERT INTO ubicacion_municipio (estado_id, id, nombre) VALUES (23,308,'Manuel Monge');
INSERT INTO ubicacion_municipio (estado_id, id, nombre) VALUES (23,309,'Nirgua');
INSERT INTO ubicacion_municipio (estado_id, id, nombre) VALUES (23,310,'Peña');
INSERT INTO ubicacion_municipio (estado_id, id, nombre) VALUES (23,311,'San Felipe');
INSERT INTO ubicacion_municipio (estado_id, id, nombre) VALUES (23,312,'Sucre');
INSERT INTO ubicacion_municipio (estado_id, id, nombre) VALUES (23,313,'Urachiche');
INSERT INTO ubicacion_municipio (estado_id, id, nombre) VALUES (23,314,'Veroes');


INSERT INTO ubicacion_municipio (estado_id, id, nombre) VALUES (24,315,'Almirante Padilla');
INSERT INTO ubicacion_municipio (estado_id, id, nombre) VALUES (24,316,'Baralt');
INSERT INTO ubicacion_municipio (estado_id, id, nombre) VALUES (24,317,'Cabimas');
INSERT INTO ubicacion_municipio (estado_id, id, nombre) VALUES (24,318,'Catatumbo');
INSERT INTO ubicacion_municipio (estado_id, id, nombre) VALUES (24,319,'Colón');
INSERT INTO ubicacion_municipio (estado_id, id, nombre) VALUES (24,320,'Francisco Javier Pulgar');
INSERT INTO ubicacion_municipio (estado_id, id, nombre) VALUES (24,321,'Jesús Enrique Lossada');
INSERT INTO ubicacion_municipio (estado_id, id, nombre) VALUES (24,322,'Jesús María Semprún');
INSERT INTO ubicacion_municipio (estado_id, id, nombre) VALUES (24,323,'La Cañada de Urdaneta');
INSERT INTO ubicacion_municipio (estado_id, id, nombre) VALUES (24,324,'Lagunillas');
INSERT INTO ubicacion_municipio (estado_id, id, nombre) VALUES (24,325,'Machiques de Perijá');
INSERT INTO ubicacion_municipio (estado_id, id, nombre) VALUES (24,326,'Mara');
INSERT INTO ubicacion_municipio (estado_id, id, nombre) VALUES (24,327,'Maracaibo');
INSERT INTO ubicacion_municipio (estado_id, id, nombre) VALUES (24,328,'Miranda');
INSERT INTO ubicacion_municipio (estado_id, id, nombre) VALUES (24,329,'Páez');
INSERT INTO ubicacion_municipio (estado_id, id, nombre) VALUES (24,330,'Rosario de Perijá');
INSERT INTO ubicacion_municipio (estado_id, id, nombre) VALUES (24,331,'San Francisco');
INSERT INTO ubicacion_municipio (estado_id, id, nombre) VALUES (24,332,'Santa Rita');
INSERT INTO ubicacion_municipio (estado_id, id, nombre) VALUES (24,333,'Simón Bolívar');
INSERT INTO ubicacion_municipio (estado_id, id, nombre) VALUES (24,334,'Sucre');
INSERT INTO ubicacion_municipio (estado_id, id, nombre) VALUES (24,335,'Valmore Rodríguez');


INSERT INTO ubicacion_parroquia (id, municipio_id, nombre) VALUES (1,1,'Alto Orinoco (La Esmeralda)');
INSERT INTO ubicacion_parroquia (id, municipio_id, nombre) VALUES (2,1,'Huachamacare');
INSERT INTO ubicacion_parroquia (id, municipio_id, nombre) VALUES (3,1,'Marawaka');
INSERT INTO ubicacion_parroquia (id, municipio_id, nombre) VALUES (4,1,'Mavaca');
INSERT INTO ubicacion_parroquia (id, municipio_id, nombre) VALUES (5,1,'Sierra Parima');
INSERT INTO ubicacion_parroquia (id, municipio_id, nombre) VALUES (6,2,'Ucata');
INSERT INTO ubicacion_parroquia (id, municipio_id, nombre) VALUES (7,2,'Yapacana');
INSERT INTO ubicacion_parroquia (id, municipio_id, nombre) VALUES (8,2,'Caname');
INSERT INTO ubicacion_parroquia (id, municipio_id, nombre) VALUES (9,3,'Fernando Girón Tovar');
INSERT INTO ubicacion_parroquia (id, municipio_id, nombre) VALUES (10,3,'Luis Alberto Gómez');
INSERT INTO ubicacion_parroquia (id, municipio_id, nombre) VALUES (11,3,'Parhueña');
INSERT INTO ubicacion_parroquia (id, municipio_id, nombre) VALUES (12,3,'Platanillal');
INSERT INTO ubicacion_parroquia (id, municipio_id, nombre) VALUES (13,4,'Samariapo');
INSERT INTO ubicacion_parroquia (id, municipio_id, nombre) VALUES (14,4,'Sipapo');
INSERT INTO ubicacion_parroquia (id, municipio_id, nombre) VALUES (15,4,'Munduapo');
INSERT INTO ubicacion_parroquia (id, municipio_id, nombre) VALUES (16,4,'Guayapo');
INSERT INTO ubicacion_parroquia (id, municipio_id, nombre) VALUES (17,5,'Comunidad');
INSERT INTO ubicacion_parroquia (id, municipio_id, nombre) VALUES (18,5,'Victorino');
INSERT INTO ubicacion_parroquia (id, municipio_id, nombre) VALUES (19,6,'Alto Ventuari');
INSERT INTO ubicacion_parroquia (id, municipio_id, nombre) VALUES (20,6,'Medio Ventuari');
INSERT INTO ubicacion_parroquia (id, municipio_id, nombre) VALUES (21,6,'Bajo Ventuari');
INSERT INTO ubicacion_parroquia (id, municipio_id, nombre) VALUES (22,7,'Río Negro (San Carlos de Río Negro)');
INSERT INTO ubicacion_parroquia (id, municipio_id, nombre) VALUES (23,7,'Solano');
INSERT INTO ubicacion_parroquia (id, municipio_id, nombre) VALUES (24,7,'Casiquiare');
INSERT INTO ubicacion_parroquia (id, municipio_id, nombre) VALUES (25,7,'Cocuy');
INSERT INTO ubicacion_parroquia (id, municipio_id, nombre) VALUES (26,8,'Anaco');
INSERT INTO ubicacion_parroquia (id, municipio_id, nombre) VALUES (27,8,'San Joaquín');
INSERT INTO ubicacion_parroquia (id, municipio_id, nombre) VALUES (28,9,'Aragua (Aragua de Barcelona)');
INSERT INTO ubicacion_parroquia (id, municipio_id, nombre) VALUES (29,9,'Cachipo');
INSERT INTO ubicacion_parroquia (id, municipio_id, nombre) VALUES (30,10,'Fernando de Peñalver');
INSERT INTO ubicacion_parroquia (id, municipio_id, nombre) VALUES (31,10,'San Miguel');
INSERT INTO ubicacion_parroquia (id, municipio_id, nombre) VALUES (32,10,'Sucre');
INSERT INTO ubicacion_parroquia (id, municipio_id, nombre) VALUES (33,11,'Valle de Guanape');
INSERT INTO ubicacion_parroquia (id, municipio_id, nombre) VALUES (34,11,'Santa Bárbara');
INSERT INTO ubicacion_parroquia (id, municipio_id, nombre) VALUES (35,12,'Francisco de Miranda (Pariaguán)');
INSERT INTO ubicacion_parroquia (id, municipio_id, nombre) VALUES (36,12,'Atapirire');
INSERT INTO ubicacion_parroquia (id, municipio_id, nombre) VALUES (37,12,'Boca del Pao');
INSERT INTO ubicacion_parroquia (id, municipio_id, nombre) VALUES (38,12,'El Pao');
INSERT INTO ubicacion_parroquia (id, municipio_id, nombre) VALUES (39,12,'Múcura');
INSERT INTO ubicacion_parroquia (id, municipio_id, nombre) VALUES (40,13,'Guanta');
INSERT INTO ubicacion_parroquia (id, municipio_id, nombre) VALUES (41,13,'Chorrerón');
INSERT INTO ubicacion_parroquia (id, municipio_id, nombre) VALUES (42,14,'Independencia (Soledad)');
INSERT INTO ubicacion_parroquia (id, municipio_id, nombre) VALUES (43,14,'Mamo');
INSERT INTO ubicacion_parroquia (id, municipio_id, nombre) VALUES (44,15,'Puerto La Cruz');
INSERT INTO ubicacion_parroquia (id, municipio_id, nombre) VALUES (45,15,'Pozuelos');
INSERT INTO ubicacion_parroquia (id, municipio_id, nombre) VALUES (46,16,'Onoto');
INSERT INTO ubicacion_parroquia (id, municipio_id, nombre) VALUES (47,16,'San Pablo');
INSERT INTO ubicacion_parroquia (id, municipio_id, nombre) VALUES (48,17,'José Gregorio Monagas');
INSERT INTO ubicacion_parroquia (id, municipio_id, nombre) VALUES (49,17,'Piar');
INSERT INTO ubicacion_parroquia (id, municipio_id, nombre) VALUES (50,17,'San Diego de Cabrutica');
INSERT INTO ubicacion_parroquia (id, municipio_id, nombre) VALUES (51,17,'Santa Clara');
INSERT INTO ubicacion_parroquia (id, municipio_id, nombre) VALUES (52,17,'Uverito');
INSERT INTO ubicacion_parroquia (id, municipio_id, nombre) VALUES (53,17,'Zuata');
INSERT INTO ubicacion_parroquia (id, municipio_id, nombre) VALUES (54,18,'Libertad (San Mateo)');
INSERT INTO ubicacion_parroquia (id, municipio_id, nombre) VALUES (55,18,'El Carito');
INSERT INTO ubicacion_parroquia (id, municipio_id, nombre) VALUES (56,18,'Santa Inés');
INSERT INTO ubicacion_parroquia (id, municipio_id, nombre) VALUES (57,19,'Clarines');
INSERT INTO ubicacion_parroquia (id, municipio_id, nombre) VALUES (58,19,'Guanape');
INSERT INTO ubicacion_parroquia (id, municipio_id, nombre) VALUES (59,19,'Sabana de Uchire');
INSERT INTO ubicacion_parroquia (id, municipio_id, nombre) VALUES (60,20,'Pedro María Freites (Cantaura)');
INSERT INTO ubicacion_parroquia (id, municipio_id, nombre) VALUES (61,20,'Libertador');
INSERT INTO ubicacion_parroquia (id, municipio_id, nombre) VALUES (62,20,'Santa Rosa');
INSERT INTO ubicacion_parroquia (id, municipio_id, nombre) VALUES (63,21,'Píritu');
INSERT INTO ubicacion_parroquia (id, municipio_id, nombre) VALUES (64,21,'San Francisco');
INSERT INTO ubicacion_parroquia (id, municipio_id, nombre) VALUES (65,22,'San José de Guanipa');
INSERT INTO ubicacion_parroquia (id, municipio_id, nombre) VALUES (66,23,'Boca de Uchire');
INSERT INTO ubicacion_parroquia (id, municipio_id, nombre) VALUES (67,23,'Boca de Chávez');
INSERT INTO ubicacion_parroquia (id, municipio_id, nombre) VALUES (68,24,'Santa Ana');
INSERT INTO ubicacion_parroquia (id, municipio_id, nombre) VALUES (69,24,'Pueblo Nuevo');
INSERT INTO ubicacion_parroquia (id, municipio_id, nombre) VALUES (70,25,'El Carmen');
INSERT INTO ubicacion_parroquia (id, municipio_id, nombre) VALUES (71,25,'San Cristóbal');
INSERT INTO ubicacion_parroquia (id, municipio_id, nombre) VALUES (72,25,'Bergantín');
INSERT INTO ubicacion_parroquia (id, municipio_id, nombre) VALUES (73,25,'Caigua');
INSERT INTO ubicacion_parroquia (id, municipio_id, nombre) VALUES (74,25,'El Pilar');
INSERT INTO ubicacion_parroquia (id, municipio_id, nombre) VALUES (75,25,'Naricual');
INSERT INTO ubicacion_parroquia (id, municipio_id, nombre) VALUES (76,26,'Edmundo Barrios');
INSERT INTO ubicacion_parroquia (id, municipio_id, nombre) VALUES (77,26,'Miguel Otero Silva');
INSERT INTO ubicacion_parroquia (id, municipio_id, nombre) VALUES (78,27,'El Chaparro');
INSERT INTO ubicacion_parroquia (id, municipio_id, nombre) VALUES (79,27,'Tomás Alfaro Calatrava');
INSERT INTO ubicacion_parroquia (id, municipio_id, nombre) VALUES (80,28,'Lecherías');
INSERT INTO ubicacion_parroquia (id, municipio_id, nombre) VALUES (81,28,'El Morro');
INSERT INTO ubicacion_parroquia (id, municipio_id, nombre) VALUES (82,29,'Achaguas');
INSERT INTO ubicacion_parroquia (id, municipio_id, nombre) VALUES (83,29,'Apurito');
INSERT INTO ubicacion_parroquia (id, municipio_id, nombre) VALUES (84,29,'El Yagual');
INSERT INTO ubicacion_parroquia (id, municipio_id, nombre) VALUES (85,29,'Guachara');
INSERT INTO ubicacion_parroquia (id, municipio_id, nombre) VALUES (86,29,'Mucuritas');
INSERT INTO ubicacion_parroquia (id, municipio_id, nombre) VALUES (87,29,'Queseras del Medio');
INSERT INTO ubicacion_parroquia (id, municipio_id, nombre) VALUES (88,30,'Biruaca');
INSERT INTO ubicacion_parroquia (id, municipio_id, nombre) VALUES (89,31,'Bruzual');
INSERT INTO ubicacion_parroquia (id, municipio_id, nombre) VALUES (90,31,'Mantecal');
INSERT INTO ubicacion_parroquia (id, municipio_id, nombre) VALUES (91,31,'Quintero');
INSERT INTO ubicacion_parroquia (id, municipio_id, nombre) VALUES (92,31,'Rincón Hondo');
INSERT INTO ubicacion_parroquia (id, municipio_id, nombre) VALUES (93,31,'San Vicente');
INSERT INTO ubicacion_parroquia (id, municipio_id, nombre) VALUES (94,32,'Guasdualito');
INSERT INTO ubicacion_parroquia (id, municipio_id, nombre) VALUES (95,32,'Aramendi');
INSERT INTO ubicacion_parroquia (id, municipio_id, nombre) VALUES (96,32,'El Amparo');
INSERT INTO ubicacion_parroquia (id, municipio_id, nombre) VALUES (97,32,'San Camilo');
INSERT INTO ubicacion_parroquia (id, municipio_id, nombre) VALUES (98,32,'Urdaneta');
INSERT INTO ubicacion_parroquia (id, municipio_id, nombre) VALUES (99,33,'San Juan de Payara');
INSERT INTO ubicacion_parroquia (id, municipio_id, nombre) VALUES (100,33,'Codazzi');
INSERT INTO ubicacion_parroquia (id, municipio_id, nombre) VALUES (101,33,'Cunaviche');
INSERT INTO ubicacion_parroquia (id, municipio_id, nombre) VALUES (102,34,'Elorza');
INSERT INTO ubicacion_parroquia (id, municipio_id, nombre) VALUES (103,34,'La Trinidad');
INSERT INTO ubicacion_parroquia (id, municipio_id, nombre) VALUES (104,35,'San Fernando');
INSERT INTO ubicacion_parroquia (id, municipio_id, nombre) VALUES (105,35,'El Recreo');
INSERT INTO ubicacion_parroquia (id, municipio_id, nombre) VALUES (106,35,'Peñalver');
INSERT INTO ubicacion_parroquia (id, municipio_id, nombre) VALUES (107,35,'San Rafael de Atamaica');
INSERT INTO ubicacion_parroquia (id, municipio_id, nombre) VALUES (108,36,'Bolívar');
INSERT INTO ubicacion_parroquia (id, municipio_id, nombre) VALUES (109,37,'Camatagua');
INSERT INTO ubicacion_parroquia (id, municipio_id, nombre) VALUES (110,37,'Carmen de Cura');
INSERT INTO ubicacion_parroquia (id, municipio_id, nombre) VALUES (111,38,'Choroní');
INSERT INTO ubicacion_parroquia (id, municipio_id, nombre) VALUES (112,38,'Las Delicias');
INSERT INTO ubicacion_parroquia (id, municipio_id, nombre) VALUES (113,38,'Madre María de San José');
INSERT INTO ubicacion_parroquia (id, municipio_id, nombre) VALUES (114,38,'Joaquín Crespo');
INSERT INTO ubicacion_parroquia (id, municipio_id, nombre) VALUES (115,38,'Pedro José Ovalles');
INSERT INTO ubicacion_parroquia (id, municipio_id, nombre) VALUES (116,38,'José Casanova Godoy');
INSERT INTO ubicacion_parroquia (id, municipio_id, nombre) VALUES (117,38,'Andrés Eloy Blanco');
INSERT INTO ubicacion_parroquia (id, municipio_id, nombre) VALUES (118,38,'Los Tacariguas');
INSERT INTO ubicacion_parroquia (id, municipio_id, nombre) VALUES (119,39,'José Angel Lamas');
INSERT INTO ubicacion_parroquia (id, municipio_id, nombre) VALUES (120,40,'José Félix Ribas');
INSERT INTO ubicacion_parroquia (id, municipio_id, nombre) VALUES (121,40,'Castor Nieves Ríos');
INSERT INTO ubicacion_parroquia (id, municipio_id, nombre) VALUES (122,40,'Las Guacamayas');
INSERT INTO ubicacion_parroquia (id, municipio_id, nombre) VALUES (123,40,'Pao de Zárate');
INSERT INTO ubicacion_parroquia (id, municipio_id, nombre) VALUES (124,40,'Zuata');
INSERT INTO ubicacion_parroquia (id, municipio_id, nombre) VALUES (125,41,'José Rafael Revenga');
INSERT INTO ubicacion_parroquia (id, municipio_id, nombre) VALUES (126,42,'Libertador');
INSERT INTO ubicacion_parroquia (id, municipio_id, nombre) VALUES (127,42,'San Martín de Porres');
INSERT INTO ubicacion_parroquia (id, municipio_id, nombre) VALUES (128,43,'Mario Briceño Iragorry');
INSERT INTO ubicacion_parroquia (id, municipio_id, nombre) VALUES (129,43,'Caña de Azúcar');
INSERT INTO ubicacion_parroquia (id, municipio_id, nombre) VALUES (130,44,'San Casimiro');
INSERT INTO ubicacion_parroquia (id, municipio_id, nombre) VALUES (131,44,'Güiripa');
INSERT INTO ubicacion_parroquia (id, municipio_id, nombre) VALUES (132,44,'Ollas de Caramacate');
INSERT INTO ubicacion_parroquia (id, municipio_id, nombre) VALUES (133,44,'Valle Morín');
INSERT INTO ubicacion_parroquia (id, municipio_id, nombre) VALUES (134,45,'San Sebastián');
INSERT INTO ubicacion_parroquia (id, municipio_id, nombre) VALUES (135,46,'Santiago Mariño');
INSERT INTO ubicacion_parroquia (id, municipio_id, nombre) VALUES (136,46,'Arévalo Aponte');
INSERT INTO ubicacion_parroquia (id, municipio_id, nombre) VALUES (137,46,'Chuao');
INSERT INTO ubicacion_parroquia (id, municipio_id, nombre) VALUES (138,46,'Samán de Güere');
INSERT INTO ubicacion_parroquia (id, municipio_id, nombre) VALUES (139,46,'Alfredo Pacheco Miranda');
INSERT INTO ubicacion_parroquia (id, municipio_id, nombre) VALUES (140,47,'Santos Michelena');
INSERT INTO ubicacion_parroquia (id, municipio_id, nombre) VALUES (141,47,'Tiara');
INSERT INTO ubicacion_parroquia (id, municipio_id, nombre) VALUES (142,48,'Sucre');
INSERT INTO ubicacion_parroquia (id, municipio_id, nombre) VALUES (143,48,'Bella Vista');
INSERT INTO ubicacion_parroquia (id, municipio_id, nombre) VALUES (144,49,'Tovar');
INSERT INTO ubicacion_parroquia (id, municipio_id, nombre) VALUES (145,50,'Urdaneta');
INSERT INTO ubicacion_parroquia (id, municipio_id, nombre) VALUES (146,50,'Las Peñitas');
INSERT INTO ubicacion_parroquia (id, municipio_id, nombre) VALUES (147,50,'San Francisco de Cara');
INSERT INTO ubicacion_parroquia (id, municipio_id, nombre) VALUES (148,50,'Taguay');
INSERT INTO ubicacion_parroquia (id, municipio_id, nombre) VALUES (149,51,'Zamora');
INSERT INTO ubicacion_parroquia (id, municipio_id, nombre) VALUES (150,51,'Magdaleno');
INSERT INTO ubicacion_parroquia (id, municipio_id, nombre) VALUES (151,51,'San Francisco de Asís');
INSERT INTO ubicacion_parroquia (id, municipio_id, nombre) VALUES (152,51,'Valles de Tucutunemo');
INSERT INTO ubicacion_parroquia (id, municipio_id, nombre) VALUES (153,51,'Augusto Mijares');
INSERT INTO ubicacion_parroquia (id, municipio_id, nombre) VALUES (154,52,'Francisco Linares Alcántara');
INSERT INTO ubicacion_parroquia (id, municipio_id, nombre) VALUES (155,52,'Francisco de Miranda');
INSERT INTO ubicacion_parroquia (id, municipio_id, nombre) VALUES (156,52,'Monseñor Feliciano González');
INSERT INTO ubicacion_parroquia (id, municipio_id, nombre) VALUES (157,53,'Ocumare de La Costa de Oro');
INSERT INTO ubicacion_parroquia (id, municipio_id, nombre) VALUES (158,54,'Sabaneta');
INSERT INTO ubicacion_parroquia (id, municipio_id, nombre) VALUES (159,54,'Rodríguez Domínguez');
INSERT INTO ubicacion_parroquia (id, municipio_id, nombre) VALUES (160,55,'Ticoporo');
INSERT INTO ubicacion_parroquia (id, municipio_id, nombre) VALUES (161,55,'Andrés Bello');
INSERT INTO ubicacion_parroquia (id, municipio_id, nombre) VALUES (162,55,'Nicolás Pulido');
INSERT INTO ubicacion_parroquia (id, municipio_id, nombre) VALUES (163,56,'Arismendi');
INSERT INTO ubicacion_parroquia (id, municipio_id, nombre) VALUES (164,56,'Guadarrama');
INSERT INTO ubicacion_parroquia (id, municipio_id, nombre) VALUES (165,56,'La Unión');
INSERT INTO ubicacion_parroquia (id, municipio_id, nombre) VALUES (166,56,'San Antonio');
INSERT INTO ubicacion_parroquia (id, municipio_id, nombre) VALUES (167,57,'Barinas');
INSERT INTO ubicacion_parroquia (id, municipio_id, nombre) VALUES (168,57,'Alfredo Arvelo Larriva');
INSERT INTO ubicacion_parroquia (id, municipio_id, nombre) VALUES (169,57,'San Silvestre');
INSERT INTO ubicacion_parroquia (id, municipio_id, nombre) VALUES (170,57,'Santa Inés');
INSERT INTO ubicacion_parroquia (id, municipio_id, nombre) VALUES (171,57,'Santa Lucía');
INSERT INTO ubicacion_parroquia (id, municipio_id, nombre) VALUES (172,57,'Torunos');
INSERT INTO ubicacion_parroquia (id, municipio_id, nombre) VALUES (173,57,'El Carmen');
INSERT INTO ubicacion_parroquia (id, municipio_id, nombre) VALUES (174,57,'Rómulo Betancourt');
INSERT INTO ubicacion_parroquia (id, municipio_id, nombre) VALUES (175,57,'Corazón de Jesús');
INSERT INTO ubicacion_parroquia (id, municipio_id, nombre) VALUES (176,57,'Ramón Ignacio Méndez');
INSERT INTO ubicacion_parroquia (id, municipio_id, nombre) VALUES (177,57,'Alto Barinas');
INSERT INTO ubicacion_parroquia (id, municipio_id, nombre) VALUES (178,57,'Manuel Palacio Fajard');
INSERT INTO ubicacion_parroquia (id, municipio_id, nombre) VALUES (179,57,'Juan Antonio Rodríguez Domínguez');
INSERT INTO ubicacion_parroquia (id, municipio_id, nombre) VALUES (180,57,'Dominga Ortiz de Páez');
INSERT INTO ubicacion_parroquia (id, municipio_id, nombre) VALUES (181,58,'Barinitas');
INSERT INTO ubicacion_parroquia (id, municipio_id, nombre) VALUES (182,58,'Altamira');
INSERT INTO ubicacion_parroquia (id, municipio_id, nombre) VALUES (183,58,'Calderas');
INSERT INTO ubicacion_parroquia (id, municipio_id, nombre) VALUES (184,59,'Barrancas');
INSERT INTO ubicacion_parroquia (id, municipio_id, nombre) VALUES (185,59,'El Socorro');
INSERT INTO ubicacion_parroquia (id, municipio_id, nombre) VALUES (186,59,'Masparrito');
INSERT INTO ubicacion_parroquia (id, municipio_id, nombre) VALUES (187,60,'Santa Bárbara');
INSERT INTO ubicacion_parroquia (id, municipio_id, nombre) VALUES (188,60,'José Ignacio del Pumar');
INSERT INTO ubicacion_parroquia (id, municipio_id, nombre) VALUES (189,60,'Pedro Briceño Méndez');
INSERT INTO ubicacion_parroquia (id, municipio_id, nombre) VALUES (190,60,'Ramón Ignacio Méndez');
INSERT INTO ubicacion_parroquia (id, municipio_id, nombre) VALUES (191,61,'Obispos');
INSERT INTO ubicacion_parroquia (id, municipio_id, nombre) VALUES (192,61,'El Real');
INSERT INTO ubicacion_parroquia (id, municipio_id, nombre) VALUES (193,61,'La Luz');
INSERT INTO ubicacion_parroquia (id, municipio_id, nombre) VALUES (194,61,'Los Guasimitos');
INSERT INTO ubicacion_parroquia (id, municipio_id, nombre) VALUES (195,62,'Ciudad Bolivia');
INSERT INTO ubicacion_parroquia (id, municipio_id, nombre) VALUES (196,62,'Ignacio Briceño');
INSERT INTO ubicacion_parroquia (id, municipio_id, nombre) VALUES (197,62,'José Félix Ribas');
INSERT INTO ubicacion_parroquia (id, municipio_id, nombre) VALUES (198,62,'Páez');
INSERT INTO ubicacion_parroquia (id, municipio_id, nombre) VALUES (199,63,'Libertad');
INSERT INTO ubicacion_parroquia (id, municipio_id, nombre) VALUES (200,63,'Dolores');
INSERT INTO ubicacion_parroquia (id, municipio_id, nombre) VALUES (201,63,'Palacios Fajardo');
INSERT INTO ubicacion_parroquia (id, municipio_id, nombre) VALUES (202,63,'Santa Rosa');
INSERT INTO ubicacion_parroquia (id, municipio_id, nombre) VALUES (203,64,'Ciudad de Nutrias');
INSERT INTO ubicacion_parroquia (id, municipio_id, nombre) VALUES (204,64,'El Regalo');
INSERT INTO ubicacion_parroquia (id, municipio_id, nombre) VALUES (205,64,'Puerto de Nutrias');
INSERT INTO ubicacion_parroquia (id, municipio_id, nombre) VALUES (206,64,'Santa Catalina');
INSERT INTO ubicacion_parroquia (id, municipio_id, nombre) VALUES (207,65,'El Cantón');
INSERT INTO ubicacion_parroquia (id, municipio_id, nombre) VALUES (208,65,'Santa Cruz de Guacas');
INSERT INTO ubicacion_parroquia (id, municipio_id, nombre) VALUES (209,65,'Puerto Vivas');
INSERT INTO ubicacion_parroquia (id, municipio_id, nombre) VALUES (210,66,'Cachamay');
INSERT INTO ubicacion_parroquia (id, municipio_id, nombre) VALUES (211,66,'Chirica');
INSERT INTO ubicacion_parroquia (id, municipio_id, nombre) VALUES (212,66,'Dalla Costa');
INSERT INTO ubicacion_parroquia (id, municipio_id, nombre) VALUES (213,66,'Once de Abril');
INSERT INTO ubicacion_parroquia (id, municipio_id, nombre) VALUES (214,66,'Simón Bolívar');
INSERT INTO ubicacion_parroquia (id, municipio_id, nombre) VALUES (215,66,'Unare');
INSERT INTO ubicacion_parroquia (id, municipio_id, nombre) VALUES (216,66,'Universidad');
INSERT INTO ubicacion_parroquia (id, municipio_id, nombre) VALUES (217,66,'Vista al Sol');
INSERT INTO ubicacion_parroquia (id, municipio_id, nombre) VALUES (218,66,'Pozo Verde');
INSERT INTO ubicacion_parroquia (id, municipio_id, nombre) VALUES (219,66,'Yocoima');
INSERT INTO ubicacion_parroquia (id, municipio_id, nombre) VALUES (220,67,'Cedeño');
INSERT INTO ubicacion_parroquia (id, municipio_id, nombre) VALUES (221,67,'Altagracia');
INSERT INTO ubicacion_parroquia (id, municipio_id, nombre) VALUES (222,67,'Ascensión Farreras');
INSERT INTO ubicacion_parroquia (id, municipio_id, nombre) VALUES (223,67,'Guaniamo');
INSERT INTO ubicacion_parroquia (id, municipio_id, nombre) VALUES (224,67,'La Urbana');
INSERT INTO ubicacion_parroquia (id, municipio_id, nombre) VALUES (225,67,'Pijiguaos');
INSERT INTO ubicacion_parroquia (id, municipio_id, nombre) VALUES (226,68,'El Callao');
INSERT INTO ubicacion_parroquia (id, municipio_id, nombre) VALUES (227,69,'Gran Sabana');
INSERT INTO ubicacion_parroquia (id, municipio_id, nombre) VALUES (228,69,'Ikabarú');
INSERT INTO ubicacion_parroquia (id, municipio_id, nombre) VALUES (229,70,'Agua Salada');
INSERT INTO ubicacion_parroquia (id, municipio_id, nombre) VALUES (230,70,'Catedral');
INSERT INTO ubicacion_parroquia (id, municipio_id, nombre) VALUES (231,70,'José Antonio Páez');
INSERT INTO ubicacion_parroquia (id, municipio_id, nombre) VALUES (232,70,'La Sabanita');
INSERT INTO ubicacion_parroquia (id, municipio_id, nombre) VALUES (233,70,'Marhuanta');
INSERT INTO ubicacion_parroquia (id, municipio_id, nombre) VALUES (234,70,'Vista Hermosa');
INSERT INTO ubicacion_parroquia (id, municipio_id, nombre) VALUES (235,70,'Orinoco');
INSERT INTO ubicacion_parroquia (id, municipio_id, nombre) VALUES (236,70,'Panapana');
INSERT INTO ubicacion_parroquia (id, municipio_id, nombre) VALUES (237,70,'Zea');
INSERT INTO ubicacion_parroquia (id, municipio_id, nombre) VALUES (238,71,'Piar');
INSERT INTO ubicacion_parroquia (id, municipio_id, nombre) VALUES (239,71,'Andrés Eloy Blanco');
INSERT INTO ubicacion_parroquia (id, municipio_id, nombre) VALUES (240,71,'Pedro Cova');
INSERT INTO ubicacion_parroquia (id, municipio_id, nombre) VALUES (241,72,'Raúl Leoni');
INSERT INTO ubicacion_parroquia (id, municipio_id, nombre) VALUES (242,72,'Barceloneta');
INSERT INTO ubicacion_parroquia (id, municipio_id, nombre) VALUES (243,72,'San Francisco');
INSERT INTO ubicacion_parroquia (id, municipio_id, nombre) VALUES (244,72,'Santa Bárbara');
INSERT INTO ubicacion_parroquia (id, municipio_id, nombre) VALUES (245,73,'Roscio');
INSERT INTO ubicacion_parroquia (id, municipio_id, nombre) VALUES (246,73,'Salom');
INSERT INTO ubicacion_parroquia (id, municipio_id, nombre) VALUES (247,74,'Sifontes');
INSERT INTO ubicacion_parroquia (id, municipio_id, nombre) VALUES (248,74,'Dalla Costa');
INSERT INTO ubicacion_parroquia (id, municipio_id, nombre) VALUES (249,74,'San Isidro');
INSERT INTO ubicacion_parroquia (id, municipio_id, nombre) VALUES (250,75,'Sucre');
INSERT INTO ubicacion_parroquia (id, municipio_id, nombre) VALUES (251,75,'Aripao');
INSERT INTO ubicacion_parroquia (id, municipio_id, nombre) VALUES (252,75,'Guarataro');
INSERT INTO ubicacion_parroquia (id, municipio_id, nombre) VALUES (253,75,'Las Majadas');
INSERT INTO ubicacion_parroquia (id, municipio_id, nombre) VALUES (254,75,'Moitaco');
INSERT INTO ubicacion_parroquia (id, municipio_id, nombre) VALUES (255,76,'Padre Pedro Chien (El Palmar)');
INSERT INTO ubicacion_parroquia (id, municipio_id, nombre) VALUES (256,77,'Bejuma');
INSERT INTO ubicacion_parroquia (id, municipio_id, nombre) VALUES (257,77,'Canoabo');
INSERT INTO ubicacion_parroquia (id, municipio_id, nombre) VALUES (258,77,'Simón Bolívar');
INSERT INTO ubicacion_parroquia (id, municipio_id, nombre) VALUES (259,78,'Güigüe');
INSERT INTO ubicacion_parroquia (id, municipio_id, nombre) VALUES (260,78,'Belén');
INSERT INTO ubicacion_parroquia (id, municipio_id, nombre) VALUES (261,78,'Tacarigua');
INSERT INTO ubicacion_parroquia (id, municipio_id, nombre) VALUES (262,79,'Aguas Calientes');
INSERT INTO ubicacion_parroquia (id, municipio_id, nombre) VALUES (263,79,'Mariara');
INSERT INTO ubicacion_parroquia (id, municipio_id, nombre) VALUES (264,80,'Ciudad Alianza');
INSERT INTO ubicacion_parroquia (id, municipio_id, nombre) VALUES (265,80,'Guacara');
INSERT INTO ubicacion_parroquia (id, municipio_id, nombre) VALUES (266,80,'Yagua');
INSERT INTO ubicacion_parroquia (id, municipio_id, nombre) VALUES (267,81,'Morón');
INSERT INTO ubicacion_parroquia (id, municipio_id, nombre) VALUES (268,81,'Urama');
INSERT INTO ubicacion_parroquia (id, municipio_id, nombre) VALUES (269,82,'Tocuyito');
INSERT INTO ubicacion_parroquia (id, municipio_id, nombre) VALUES (270,82,'Independencia');
INSERT INTO ubicacion_parroquia (id, municipio_id, nombre) VALUES (271,83,'Los Guayos');
INSERT INTO ubicacion_parroquia (id, municipio_id, nombre) VALUES (272,84,'Miranda');
INSERT INTO ubicacion_parroquia (id, municipio_id, nombre) VALUES (273,85,'Montalbán');
INSERT INTO ubicacion_parroquia (id, municipio_id, nombre) VALUES (274,86,'Naguanagua');
INSERT INTO ubicacion_parroquia (id, municipio_id, nombre) VALUES (275,87,'Bartolomé Salom');
INSERT INTO ubicacion_parroquia (id, municipio_id, nombre) VALUES (276,87,'Democracia');
INSERT INTO ubicacion_parroquia (id, municipio_id, nombre) VALUES (277,87,'Fraternidad');
INSERT INTO ubicacion_parroquia (id, municipio_id, nombre) VALUES (278,87,'Goaigoaza');
INSERT INTO ubicacion_parroquia (id, municipio_id, nombre) VALUES (279,87,'Juan José Flores');
INSERT INTO ubicacion_parroquia (id, municipio_id, nombre) VALUES (280,87,'Unión');
INSERT INTO ubicacion_parroquia (id, municipio_id, nombre) VALUES (281,87,'Borburata');
INSERT INTO ubicacion_parroquia (id, municipio_id, nombre) VALUES (282,87,'Patanemo');
INSERT INTO ubicacion_parroquia (id, municipio_id, nombre) VALUES (283,88,'San Diego');
INSERT INTO ubicacion_parroquia (id, municipio_id, nombre) VALUES (284,89,'San Joaquín');
INSERT INTO ubicacion_parroquia (id, municipio_id, nombre) VALUES (285,90,'Candelaria');
INSERT INTO ubicacion_parroquia (id, municipio_id, nombre) VALUES (286,90,'Catedral');
INSERT INTO ubicacion_parroquia (id, municipio_id, nombre) VALUES (287,90,'El Socorro');
INSERT INTO ubicacion_parroquia (id, municipio_id, nombre) VALUES (288,90,'Miguel Peña');
INSERT INTO ubicacion_parroquia (id, municipio_id, nombre) VALUES (289,90,'Rafael Urdaneta');
INSERT INTO ubicacion_parroquia (id, municipio_id, nombre) VALUES (290,90,'San Blas');
INSERT INTO ubicacion_parroquia (id, municipio_id, nombre) VALUES (291,90,'San José');
INSERT INTO ubicacion_parroquia (id, municipio_id, nombre) VALUES (292,90,'Santa Rosa');
INSERT INTO ubicacion_parroquia (id, municipio_id, nombre) VALUES (293,90,'Negro Primero');
INSERT INTO ubicacion_parroquia (id, municipio_id, nombre) VALUES (294,91,'Cojedes');
INSERT INTO ubicacion_parroquia (id, municipio_id, nombre) VALUES (295,91,'Juan de Mata Suárez');
INSERT INTO ubicacion_parroquia (id, municipio_id, nombre) VALUES (296,92,'Tinaquillo');
INSERT INTO ubicacion_parroquia (id, municipio_id, nombre) VALUES (297,93,'El Baúl');
INSERT INTO ubicacion_parroquia (id, municipio_id, nombre) VALUES (298,93,'Sucre');
INSERT INTO ubicacion_parroquia (id, municipio_id, nombre) VALUES (299,94,'Macapo');
INSERT INTO ubicacion_parroquia (id, municipio_id, nombre) VALUES (300,94,'La Aguadita');
INSERT INTO ubicacion_parroquia (id, municipio_id, nombre) VALUES (301,95,'El Pao');
INSERT INTO ubicacion_parroquia (id, municipio_id, nombre) VALUES (302,96,'Libertad de Cojedes');
INSERT INTO ubicacion_parroquia (id, municipio_id, nombre) VALUES (303,96,'El Amparo');
INSERT INTO ubicacion_parroquia (id, municipio_id, nombre) VALUES (304,97,'Rómulo Gallegos');
INSERT INTO ubicacion_parroquia (id, municipio_id, nombre) VALUES (305,98,'San Carlos de Austria');
INSERT INTO ubicacion_parroquia (id, municipio_id, nombre) VALUES (306,98,'Juan Angel Bravo');
INSERT INTO ubicacion_parroquia (id, municipio_id, nombre) VALUES (307,98,'Manuel Manrique');
INSERT INTO ubicacion_parroquia (id, municipio_id, nombre) VALUES (308,99,'General en Jefe José Laurencio Silva');
INSERT INTO ubicacion_parroquia (id, municipio_id, nombre) VALUES (309,100,'Curiapo');
INSERT INTO ubicacion_parroquia (id, municipio_id, nombre) VALUES (310,100,'Almirante Luis Brión');
INSERT INTO ubicacion_parroquia (id, municipio_id, nombre) VALUES (311,100,'Francisco Aniceto Lugo');
INSERT INTO ubicacion_parroquia (id, municipio_id, nombre) VALUES (312,100,'Manuel Renaud');
INSERT INTO ubicacion_parroquia (id, municipio_id, nombre) VALUES (313,100,'Padre Barral');
INSERT INTO ubicacion_parroquia (id, municipio_id, nombre) VALUES (314,100,'Santos de Abelgas');
INSERT INTO ubicacion_parroquia (id, municipio_id, nombre) VALUES (315,101,'Imataca');
INSERT INTO ubicacion_parroquia (id, municipio_id, nombre) VALUES (316,101,'Cinco de Julio');
INSERT INTO ubicacion_parroquia (id, municipio_id, nombre) VALUES (317,101,'Juan Bautista Arismendi');
INSERT INTO ubicacion_parroquia (id, municipio_id, nombre) VALUES (318,101,'Manuel Piar');
INSERT INTO ubicacion_parroquia (id, municipio_id, nombre) VALUES (319,101,'Rómulo Gallegos');
INSERT INTO ubicacion_parroquia (id, municipio_id, nombre) VALUES (320,102,'Pedernales');
INSERT INTO ubicacion_parroquia (id, municipio_id, nombre) VALUES (321,102,'Luis Beltrán Prieto Figueroa');
INSERT INTO ubicacion_parroquia (id, municipio_id, nombre) VALUES (322,103,'San José');
INSERT INTO ubicacion_parroquia (id, municipio_id, nombre) VALUES (323,103,'José Vidal Marcano');
INSERT INTO ubicacion_parroquia (id, municipio_id, nombre) VALUES (324,103,'Juan Millán');
INSERT INTO ubicacion_parroquia (id, municipio_id, nombre) VALUES (325,103,'Leonardo Ruíz Pineda');
INSERT INTO ubicacion_parroquia (id, municipio_id, nombre) VALUES (326,103,'Mariscal Antonio José de Sucre');
INSERT INTO ubicacion_parroquia (id, municipio_id, nombre) VALUES (327,103,'Monseñor Argimiro García');
INSERT INTO ubicacion_parroquia (id, municipio_id, nombre) VALUES (328,103,'San Rafael');
INSERT INTO ubicacion_parroquia (id, municipio_id, nombre) VALUES (329,103,'Virgen del Valle');
INSERT INTO ubicacion_parroquia (id, municipio_id, nombre) VALUES (330,104,'Altagracia');
INSERT INTO ubicacion_parroquia (id, municipio_id, nombre) VALUES (331,104,'Antímano');
INSERT INTO ubicacion_parroquia (id, municipio_id, nombre) VALUES (332,104,'Candelaria');
INSERT INTO ubicacion_parroquia (id, municipio_id, nombre) VALUES (333,104,'Caricuao');
INSERT INTO ubicacion_parroquia (id, municipio_id, nombre) VALUES (334,104,'Catedral');
INSERT INTO ubicacion_parroquia (id, municipio_id, nombre) VALUES (335,104,'Coche');
INSERT INTO ubicacion_parroquia (id, municipio_id, nombre) VALUES (336,104,'El Junquito');
INSERT INTO ubicacion_parroquia (id, municipio_id, nombre) VALUES (337,104,'El Paraíso');
INSERT INTO ubicacion_parroquia (id, municipio_id, nombre) VALUES (338,104,'El Recreo');
INSERT INTO ubicacion_parroquia (id, municipio_id, nombre) VALUES (339,104,'El Valle');
INSERT INTO ubicacion_parroquia (id, municipio_id, nombre) VALUES (340,104,'La Pastora');
INSERT INTO ubicacion_parroquia (id, municipio_id, nombre) VALUES (341,104,'La Vega');
INSERT INTO ubicacion_parroquia (id, municipio_id, nombre) VALUES (342,104,'Macarao');
INSERT INTO ubicacion_parroquia (id, municipio_id, nombre) VALUES (343,104,'San Agustín');
INSERT INTO ubicacion_parroquia (id, municipio_id, nombre) VALUES (344,104,'San Bernardino');
INSERT INTO ubicacion_parroquia (id, municipio_id, nombre) VALUES (345,104,'San José');
INSERT INTO ubicacion_parroquia (id, municipio_id, nombre) VALUES (346,104,'San Juan');
INSERT INTO ubicacion_parroquia (id, municipio_id, nombre) VALUES (347,104,'San Pedro');
INSERT INTO ubicacion_parroquia (id, municipio_id, nombre) VALUES (348,104,'Santa Rosalía');
INSERT INTO ubicacion_parroquia (id, municipio_id, nombre) VALUES (349,104,'Santa Teresa');
INSERT INTO ubicacion_parroquia (id, municipio_id, nombre) VALUES (350,104,'Sucre');
INSERT INTO ubicacion_parroquia (id, municipio_id, nombre) VALUES (351,104,'23 de Enero');
INSERT INTO ubicacion_parroquia (id, municipio_id, nombre) VALUES (352,105,'San Juan de los Cayos');
INSERT INTO ubicacion_parroquia (id, municipio_id, nombre) VALUES (353,105,'Capadare');
INSERT INTO ubicacion_parroquia (id, municipio_id, nombre) VALUES (354,105,'La Pastora');
INSERT INTO ubicacion_parroquia (id, municipio_id, nombre) VALUES (355,105,'Libertador');
INSERT INTO ubicacion_parroquia (id, municipio_id, nombre) VALUES (356,106,'San Luis');
INSERT INTO ubicacion_parroquia (id, municipio_id, nombre) VALUES (357,106,'Aracua');
INSERT INTO ubicacion_parroquia (id, municipio_id, nombre) VALUES (358,106,'La Peña');
INSERT INTO ubicacion_parroquia (id, municipio_id, nombre) VALUES (359,107,'Capatárida');
INSERT INTO ubicacion_parroquia (id, municipio_id, nombre) VALUES (360,107,'Bariro');
INSERT INTO ubicacion_parroquia (id, municipio_id, nombre) VALUES (361,107,'Borojó');
INSERT INTO ubicacion_parroquia (id, municipio_id, nombre) VALUES (362,107,'Guajiro');
INSERT INTO ubicacion_parroquia (id, municipio_id, nombre) VALUES (363,107,'Seque');
INSERT INTO ubicacion_parroquia (id, municipio_id, nombre) VALUES (364,107,'Zazárida');
INSERT INTO ubicacion_parroquia (id, municipio_id, nombre) VALUES (365,108,'Cacique Manaure');
INSERT INTO ubicacion_parroquia (id, municipio_id, nombre) VALUES (366,109,'Carirubana');
INSERT INTO ubicacion_parroquia (id, municipio_id, nombre) VALUES (367,109,'Norte');
INSERT INTO ubicacion_parroquia (id, municipio_id, nombre) VALUES (368,109,'Punta Cardón');
INSERT INTO ubicacion_parroquia (id, municipio_id, nombre) VALUES (369,109,'Santa Ana');
INSERT INTO ubicacion_parroquia (id, municipio_id, nombre) VALUES (370,110,'La Vela de Coro');
INSERT INTO ubicacion_parroquia (id, municipio_id, nombre) VALUES (371,110,'Acurigua');
INSERT INTO ubicacion_parroquia (id, municipio_id, nombre) VALUES (372,110,'Guaibacoa');
INSERT INTO ubicacion_parroquia (id, municipio_id, nombre) VALUES (373,110,'Las Calderas');
INSERT INTO ubicacion_parroquia (id, municipio_id, nombre) VALUES (374,110,'Macoruca');
INSERT INTO ubicacion_parroquia (id, municipio_id, nombre) VALUES (375,111,'Dabajuro');
INSERT INTO ubicacion_parroquia (id, municipio_id, nombre) VALUES (376,112,'Pedregal');
INSERT INTO ubicacion_parroquia (id, municipio_id, nombre) VALUES (377,112,'Agua Clara');
INSERT INTO ubicacion_parroquia (id, municipio_id, nombre) VALUES (378,112,'Avaria');
INSERT INTO ubicacion_parroquia (id, municipio_id, nombre) VALUES (379,112,'Piedra Grande');
INSERT INTO ubicacion_parroquia (id, municipio_id, nombre) VALUES (380,112,'Purureche');
INSERT INTO ubicacion_parroquia (id, municipio_id, nombre) VALUES (381,113,'Pueblo Nuevo');
INSERT INTO ubicacion_parroquia (id, municipio_id, nombre) VALUES (382,113,'Adícora');
INSERT INTO ubicacion_parroquia (id, municipio_id, nombre) VALUES (383,113,'Baraived');
INSERT INTO ubicacion_parroquia (id, municipio_id, nombre) VALUES (384,113,'Buena Vista');
INSERT INTO ubicacion_parroquia (id, municipio_id, nombre) VALUES (385,113,'Jadacaquiva');
INSERT INTO ubicacion_parroquia (id, municipio_id, nombre) VALUES (386,113,'Moruy');
INSERT INTO ubicacion_parroquia (id, municipio_id, nombre) VALUES (387,113,'Adaure');
INSERT INTO ubicacion_parroquia (id, municipio_id, nombre) VALUES (388,113,'El Hato');
INSERT INTO ubicacion_parroquia (id, municipio_id, nombre) VALUES (389,113,'El Vínculo');
INSERT INTO ubicacion_parroquia (id, municipio_id, nombre) VALUES (390,114,'Churuguara');
INSERT INTO ubicacion_parroquia (id, municipio_id, nombre) VALUES (391,114,'Agua Larga');
INSERT INTO ubicacion_parroquia (id, municipio_id, nombre) VALUES (392,114,'El Paují');
INSERT INTO ubicacion_parroquia (id, municipio_id, nombre) VALUES (393,114,'Independencia');
INSERT INTO ubicacion_parroquia (id, municipio_id, nombre) VALUES (394,114,'Mapararí');
INSERT INTO ubicacion_parroquia (id, municipio_id, nombre) VALUES (395,115,'Jacura');
INSERT INTO ubicacion_parroquia (id, municipio_id, nombre) VALUES (396,115,'Agua Linda');
INSERT INTO ubicacion_parroquia (id, municipio_id, nombre) VALUES (397,115,'Araurima');
INSERT INTO ubicacion_parroquia (id, municipio_id, nombre) VALUES (398,116,'Los Taques');
INSERT INTO ubicacion_parroquia (id, municipio_id, nombre) VALUES (399,116,'Judibana');
INSERT INTO ubicacion_parroquia (id, municipio_id, nombre) VALUES (400,117,'Mene de Mauroa');
INSERT INTO ubicacion_parroquia (id, municipio_id, nombre) VALUES (401,117,'Casigua');
INSERT INTO ubicacion_parroquia (id, municipio_id, nombre) VALUES (402,117,'San Félix');
INSERT INTO ubicacion_parroquia (id, municipio_id, nombre) VALUES (403,118,'San Antonio');
INSERT INTO ubicacion_parroquia (id, municipio_id, nombre) VALUES (404,118,'San Gabriel');
INSERT INTO ubicacion_parroquia (id, municipio_id, nombre) VALUES (405,118,'Santa Ana');
INSERT INTO ubicacion_parroquia (id, municipio_id, nombre) VALUES (406,118,'Guzmán Guillermo');
INSERT INTO ubicacion_parroquia (id, municipio_id, nombre) VALUES (407,118,'Mitare');
INSERT INTO ubicacion_parroquia (id, municipio_id, nombre) VALUES (408,118,'Río Seco');
INSERT INTO ubicacion_parroquia (id, municipio_id, nombre) VALUES (409,118,'Sabaneta');
INSERT INTO ubicacion_parroquia (id, municipio_id, nombre) VALUES (410,119,'Chichiriviche');
INSERT INTO ubicacion_parroquia (id, municipio_id, nombre) VALUES (411,119,'Boca de Tocuyo');
INSERT INTO ubicacion_parroquia (id, municipio_id, nombre) VALUES (412,119,'Tocuyo de la Costa');
INSERT INTO ubicacion_parroquia (id, municipio_id, nombre) VALUES (413,120,'Palmasola');
INSERT INTO ubicacion_parroquia (id, municipio_id, nombre) VALUES (414,121,'Cabure');
INSERT INTO ubicacion_parroquia (id, municipio_id, nombre) VALUES (415,121,'Colina');
INSERT INTO ubicacion_parroquia (id, municipio_id, nombre) VALUES (416,121,'Curimagua');
INSERT INTO ubicacion_parroquia (id, municipio_id, nombre) VALUES (417,122,'Píritu');
INSERT INTO ubicacion_parroquia (id, municipio_id, nombre) VALUES (418,122,'San José de la Costa');
INSERT INTO ubicacion_parroquia (id, municipio_id, nombre) VALUES (419,123,'San Francisco');
INSERT INTO ubicacion_parroquia (id, municipio_id, nombre) VALUES (420,124,'Tucacas');
INSERT INTO ubicacion_parroquia (id, municipio_id, nombre) VALUES (421,124,'Boca de Aroa');
INSERT INTO ubicacion_parroquia (id, municipio_id, nombre) VALUES (422,125,'Sucre');
INSERT INTO ubicacion_parroquia (id, municipio_id, nombre) VALUES (423,125,'Pecaya');
INSERT INTO ubicacion_parroquia (id, municipio_id, nombre) VALUES (424,126,'Tocópero');
INSERT INTO ubicacion_parroquia (id, municipio_id, nombre) VALUES (425,127,'Santa Cruz de Bucaral');
INSERT INTO ubicacion_parroquia (id, municipio_id, nombre) VALUES (426,127,'El Charal');
INSERT INTO ubicacion_parroquia (id, municipio_id, nombre) VALUES (427,127,'Las Vegas del Tuy');
INSERT INTO ubicacion_parroquia (id, municipio_id, nombre) VALUES (428,128,'Urumaco');
INSERT INTO ubicacion_parroquia (id, municipio_id, nombre) VALUES (429,128,'Bruzual');
INSERT INTO ubicacion_parroquia (id, municipio_id, nombre) VALUES (430,129,'Puerto Cumarebo');
INSERT INTO ubicacion_parroquia (id, municipio_id, nombre) VALUES (431,129,'Puerto Cumarebo');
INSERT INTO ubicacion_parroquia (id, municipio_id, nombre) VALUES (432,129,'La Soledad');
INSERT INTO ubicacion_parroquia (id, municipio_id, nombre) VALUES (433,129,'Pueblo Cumarebo');
INSERT INTO ubicacion_parroquia (id, municipio_id, nombre) VALUES (434,129,'Zazárida');
INSERT INTO ubicacion_parroquia (id, municipio_id, nombre) VALUES (435,130,'Camaguán');
INSERT INTO ubicacion_parroquia (id, municipio_id, nombre) VALUES (436,130,'Puerto Miranda');
INSERT INTO ubicacion_parroquia (id, municipio_id, nombre) VALUES (437,130,'Uverito');
INSERT INTO ubicacion_parroquia (id, municipio_id, nombre) VALUES (438,131,'Chaguaramas');
INSERT INTO ubicacion_parroquia (id, municipio_id, nombre) VALUES (439,132,'El Socorro');
INSERT INTO ubicacion_parroquia (id, municipio_id, nombre) VALUES (440,133,'San Gerónimo de Guayabal');
INSERT INTO ubicacion_parroquia (id, municipio_id, nombre) VALUES (441,133,'Cazorla');
INSERT INTO ubicacion_parroquia (id, municipio_id, nombre) VALUES (442,134,'Valle de La Pascua');
INSERT INTO ubicacion_parroquia (id, municipio_id, nombre) VALUES (443,134,'Espino');
INSERT INTO ubicacion_parroquia (id, municipio_id, nombre) VALUES (444,135,'Las Mercedes');
INSERT INTO ubicacion_parroquia (id, municipio_id, nombre) VALUES (445,135,'Cabruta');
INSERT INTO ubicacion_parroquia (id, municipio_id, nombre) VALUES (446,135,'Santa Rita de Manapire');
INSERT INTO ubicacion_parroquia (id, municipio_id, nombre) VALUES (447,136,'El Sombrero');
INSERT INTO ubicacion_parroquia (id, municipio_id, nombre) VALUES (448,136,'Sosa');
INSERT INTO ubicacion_parroquia (id, municipio_id, nombre) VALUES (449,137,'Calabozo');
INSERT INTO ubicacion_parroquia (id, municipio_id, nombre) VALUES (450,137,'El Calvario');
INSERT INTO ubicacion_parroquia (id, municipio_id, nombre) VALUES (451,137,'El Rastro');
INSERT INTO ubicacion_parroquia (id, municipio_id, nombre) VALUES (452,137,'Guardatinajas');
INSERT INTO ubicacion_parroquia (id, municipio_id, nombre) VALUES (453,138,'Altagracia de Orituco');
INSERT INTO ubicacion_parroquia (id, municipio_id, nombre) VALUES (454,138,'Lezama');
INSERT INTO ubicacion_parroquia (id, municipio_id, nombre) VALUES (455,138,'Libertad de Orituco');
INSERT INTO ubicacion_parroquia (id, municipio_id, nombre) VALUES (456,138,'Paso Real de Macaira');
INSERT INTO ubicacion_parroquia (id, municipio_id, nombre) VALUES (457,138,'San Francisco de Macaira');
INSERT INTO ubicacion_parroquia (id, municipio_id, nombre) VALUES (458,138,'San Rafael de Orituco');
INSERT INTO ubicacion_parroquia (id, municipio_id, nombre) VALUES (459,138,'Soublette');
INSERT INTO ubicacion_parroquia (id, municipio_id, nombre) VALUES (460,139,'Ortiz');
INSERT INTO ubicacion_parroquia (id, municipio_id, nombre) VALUES (461,139,'San Francisco de Tiznados');
INSERT INTO ubicacion_parroquia (id, municipio_id, nombre) VALUES (462,139,'San José de Tiznados');
INSERT INTO ubicacion_parroquia (id, municipio_id, nombre) VALUES (463,139,'San Lorenzo de Tiznados');
INSERT INTO ubicacion_parroquia (id, municipio_id, nombre) VALUES (464,140,'Tucupido');
INSERT INTO ubicacion_parroquia (id, municipio_id, nombre) VALUES (465,140,'San Rafael de Laya');
INSERT INTO ubicacion_parroquia (id, municipio_id, nombre) VALUES (466,141,'San Juan de Los Morros');
INSERT INTO ubicacion_parroquia (id, municipio_id, nombre) VALUES (467,141,'Cantagallo');
INSERT INTO ubicacion_parroquia (id, municipio_id, nombre) VALUES (468,141,'Parapara');
INSERT INTO ubicacion_parroquia (id, municipio_id, nombre) VALUES (469,142,'San José de Guaribe');
INSERT INTO ubicacion_parroquia (id, municipio_id, nombre) VALUES (470,143,'Santa María de Ipire');
INSERT INTO ubicacion_parroquia (id, municipio_id, nombre) VALUES (471,143,'Altamira');
INSERT INTO ubicacion_parroquia (id, municipio_id, nombre) VALUES (472,144,'Zaraza');
INSERT INTO ubicacion_parroquia (id, municipio_id, nombre) VALUES (473,144,'San José de Unare');
INSERT INTO ubicacion_parroquia (id, municipio_id, nombre) VALUES (474,145,'Pío Tamayo');
INSERT INTO ubicacion_parroquia (id, municipio_id, nombre) VALUES (475,145,'Quebrada Honda de Guache');
INSERT INTO ubicacion_parroquia (id, municipio_id, nombre) VALUES (476,145,'Yacambú');
INSERT INTO ubicacion_parroquia (id, municipio_id, nombre) VALUES (477,146,'Fréitez');
INSERT INTO ubicacion_parroquia (id, municipio_id, nombre) VALUES (478,146,'José María Blanco');
INSERT INTO ubicacion_parroquia (id, municipio_id, nombre) VALUES (479,147,'Catedral');
INSERT INTO ubicacion_parroquia (id, municipio_id, nombre) VALUES (480,147,'Concepción');
INSERT INTO ubicacion_parroquia (id, municipio_id, nombre) VALUES (481,147,'El Cují');
INSERT INTO ubicacion_parroquia (id, municipio_id, nombre) VALUES (482,147,'Juan de Villegas');
INSERT INTO ubicacion_parroquia (id, municipio_id, nombre) VALUES (483,147,'Santa Rosa');
INSERT INTO ubicacion_parroquia (id, municipio_id, nombre) VALUES (484,147,'Tamaca');
INSERT INTO ubicacion_parroquia (id, municipio_id, nombre) VALUES (485,147,'Unión');
INSERT INTO ubicacion_parroquia (id, municipio_id, nombre) VALUES (486,147,'Aguedo Felipe Alvarado');
INSERT INTO ubicacion_parroquia (id, municipio_id, nombre) VALUES (487,147,'Buena Vista');
INSERT INTO ubicacion_parroquia (id, municipio_id, nombre) VALUES (488,147,'Juárez');
INSERT INTO ubicacion_parroquia (id, municipio_id, nombre) VALUES (489,148,'Juan Bautista Rodríguez');
INSERT INTO ubicacion_parroquia (id, municipio_id, nombre) VALUES (490,148,'Cuara');
INSERT INTO ubicacion_parroquia (id, municipio_id, nombre) VALUES (491,148,'Diego de Lozada');
INSERT INTO ubicacion_parroquia (id, municipio_id, nombre) VALUES (492,148,'Paraíso de San José');
INSERT INTO ubicacion_parroquia (id, municipio_id, nombre) VALUES (493,148,'San Miguel');
INSERT INTO ubicacion_parroquia (id, municipio_id, nombre) VALUES (494,148,'Tintorero');
INSERT INTO ubicacion_parroquia (id, municipio_id, nombre) VALUES (495,148,'José Bernardo Dorante');
INSERT INTO ubicacion_parroquia (id, municipio_id, nombre) VALUES (496,148,'Coronel Mariano Peraza');
INSERT INTO ubicacion_parroquia (id, municipio_id, nombre) VALUES (497,149,'Bolívar');
INSERT INTO ubicacion_parroquia (id, municipio_id, nombre) VALUES (498,149,'Anzoátegui');
INSERT INTO ubicacion_parroquia (id, municipio_id, nombre) VALUES (499,149,'Guárico');
INSERT INTO ubicacion_parroquia (id, municipio_id, nombre) VALUES (500,149,'Hilario Luna y Luna');
INSERT INTO ubicacion_parroquia (id, municipio_id, nombre) VALUES (501,149,'Humocaro Alto');
INSERT INTO ubicacion_parroquia (id, municipio_id, nombre) VALUES (502,149,'Humocaro Bajo');
INSERT INTO ubicacion_parroquia (id, municipio_id, nombre) VALUES (503,149,'La Candelaria');
INSERT INTO ubicacion_parroquia (id, municipio_id, nombre) VALUES (504,149,'Morán');
INSERT INTO ubicacion_parroquia (id, municipio_id, nombre) VALUES (505,150,'Cabudare');
INSERT INTO ubicacion_parroquia (id, municipio_id, nombre) VALUES (506,150,'José Gregorio Bastidas');
INSERT INTO ubicacion_parroquia (id, municipio_id, nombre) VALUES (507,150,'Agua Viva');
INSERT INTO ubicacion_parroquia (id, municipio_id, nombre) VALUES (508,151,'Sarare');
INSERT INTO ubicacion_parroquia (id, municipio_id, nombre) VALUES (509,151,'Buría');
INSERT INTO ubicacion_parroquia (id, municipio_id, nombre) VALUES (510,151,'Gustavo Vegas León');
INSERT INTO ubicacion_parroquia (id, municipio_id, nombre) VALUES (511,152,'Trinidad Samuel');
INSERT INTO ubicacion_parroquia (id, municipio_id, nombre) VALUES (512,152,'Antonio Díaz');
INSERT INTO ubicacion_parroquia (id, municipio_id, nombre) VALUES (513,152,'Camacaro');
INSERT INTO ubicacion_parroquia (id, municipio_id, nombre) VALUES (514,152,'Castañeda');
INSERT INTO ubicacion_parroquia (id, municipio_id, nombre) VALUES (515,152,'Cecilio Zubillaga');
INSERT INTO ubicacion_parroquia (id, municipio_id, nombre) VALUES (516,152,'Chiquinquirá');
INSERT INTO ubicacion_parroquia (id, municipio_id, nombre) VALUES (517,152,'El Blanco');
INSERT INTO ubicacion_parroquia (id, municipio_id, nombre) VALUES (518,152,'Espinoza de los Monteros');
INSERT INTO ubicacion_parroquia (id, municipio_id, nombre) VALUES (519,152,'Lara');
INSERT INTO ubicacion_parroquia (id, municipio_id, nombre) VALUES (520,152,'Las Mercedes');
INSERT INTO ubicacion_parroquia (id, municipio_id, nombre) VALUES (521,152,'Manuel Morillo');
INSERT INTO ubicacion_parroquia (id, municipio_id, nombre) VALUES (522,152,'Montaña Verde');
INSERT INTO ubicacion_parroquia (id, municipio_id, nombre) VALUES (523,152,'Montes de Oca');
INSERT INTO ubicacion_parroquia (id, municipio_id, nombre) VALUES (524,152,'Torres');
INSERT INTO ubicacion_parroquia (id, municipio_id, nombre) VALUES (525,152,'Heriberto Arroyo');
INSERT INTO ubicacion_parroquia (id, municipio_id, nombre) VALUES (526,152,'Reyes Vargas');
INSERT INTO ubicacion_parroquia (id, municipio_id, nombre) VALUES (527,152,'Altagracia');
INSERT INTO ubicacion_parroquia (id, municipio_id, nombre) VALUES (528,153,'Siquisique');
INSERT INTO ubicacion_parroquia (id, municipio_id, nombre) VALUES (529,153,'Moroturo');
INSERT INTO ubicacion_parroquia (id, municipio_id, nombre) VALUES (530,153,'San Miguel');
INSERT INTO ubicacion_parroquia (id, municipio_id, nombre) VALUES (531,153,'Xaguas');
INSERT INTO ubicacion_parroquia (id, municipio_id, nombre) VALUES (532,154,'Presidente Betancourt');
INSERT INTO ubicacion_parroquia (id, municipio_id, nombre) VALUES (533,154,'Presidente Páez');
INSERT INTO ubicacion_parroquia (id, municipio_id, nombre) VALUES (534,154,'Presidente Rómulo Gallegos');
INSERT INTO ubicacion_parroquia (id, municipio_id, nombre) VALUES (535,154,'Gabriel Picón González');
INSERT INTO ubicacion_parroquia (id, municipio_id, nombre) VALUES (536,154,'Héctor Amable Mora');
INSERT INTO ubicacion_parroquia (id, municipio_id, nombre) VALUES (537,154,'José Nucete Sardi');
INSERT INTO ubicacion_parroquia (id, municipio_id, nombre) VALUES (538,154,'Pulido Méndez');
INSERT INTO ubicacion_parroquia (id, municipio_id, nombre) VALUES (539,155,'Andrés Bello (La Azulita)');
INSERT INTO ubicacion_parroquia (id, municipio_id, nombre) VALUES (540,156,'Antonio Pinto Salinas');
INSERT INTO ubicacion_parroquia (id, municipio_id, nombre) VALUES (541,156,'Mesa Bolíva');
INSERT INTO ubicacion_parroquia (id, municipio_id, nombre) VALUES (542,156,'Mesa de Las Palmas');
INSERT INTO ubicacion_parroquia (id, municipio_id, nombre) VALUES (543,157,'Aricagua');
INSERT INTO ubicacion_parroquia (id, municipio_id, nombre) VALUES (544,157,'San Antonio');
INSERT INTO ubicacion_parroquia (id, municipio_id, nombre) VALUES (545,158,'Arzobispo Chacón');
INSERT INTO ubicacion_parroquia (id, municipio_id, nombre) VALUES (546,158,'Capurí');
INSERT INTO ubicacion_parroquia (id, municipio_id, nombre) VALUES (547,158,'Chacantá');
INSERT INTO ubicacion_parroquia (id, municipio_id, nombre) VALUES (548,158,'El Molino');
INSERT INTO ubicacion_parroquia (id, municipio_id, nombre) VALUES (549,158,'Guaimaral');
INSERT INTO ubicacion_parroquia (id, municipio_id, nombre) VALUES (550,158,'Mucutuy');
INSERT INTO ubicacion_parroquia (id, municipio_id, nombre) VALUES (551,158,'Mucuchachí');
INSERT INTO ubicacion_parroquia (id, municipio_id, nombre) VALUES (552,159,'Fernández Peña');
INSERT INTO ubicacion_parroquia (id, municipio_id, nombre) VALUES (553,159,'Matriz');
INSERT INTO ubicacion_parroquia (id, municipio_id, nombre) VALUES (554,159,'Montalbán');
INSERT INTO ubicacion_parroquia (id, municipio_id, nombre) VALUES (555,159,'Acequias');
INSERT INTO ubicacion_parroquia (id, municipio_id, nombre) VALUES (556,159,'Jají');
INSERT INTO ubicacion_parroquia (id, municipio_id, nombre) VALUES (557,159,'La Mesa');
INSERT INTO ubicacion_parroquia (id, municipio_id, nombre) VALUES (558,159,'San José del Sur');
INSERT INTO ubicacion_parroquia (id, municipio_id, nombre) VALUES (559,160,'Caracciolo Parra Olmedo');
INSERT INTO ubicacion_parroquia (id, municipio_id, nombre) VALUES (560,160,'Florencio Ramírez');
INSERT INTO ubicacion_parroquia (id, municipio_id, nombre) VALUES (561,161,'Cardenal Quintero');
INSERT INTO ubicacion_parroquia (id, municipio_id, nombre) VALUES (562,161,'Las Piedras');
INSERT INTO ubicacion_parroquia (id, municipio_id, nombre) VALUES (563,162,'Guaraque');
INSERT INTO ubicacion_parroquia (id, municipio_id, nombre) VALUES (564,162,'Mesa de Quintero');
INSERT INTO ubicacion_parroquia (id, municipio_id, nombre) VALUES (565,162,'Río Negro');
INSERT INTO ubicacion_parroquia (id, municipio_id, nombre) VALUES (566,163,'Julio César Salas');
INSERT INTO ubicacion_parroquia (id, municipio_id, nombre) VALUES (567,163,'Palmira');
INSERT INTO ubicacion_parroquia (id, municipio_id, nombre) VALUES (568,164,'Justo Briceño');
INSERT INTO ubicacion_parroquia (id, municipio_id, nombre) VALUES (569,164,'San Cristóbal de Torondoy');
INSERT INTO ubicacion_parroquia (id, municipio_id, nombre) VALUES (570,165,'Antonio Spinetti Dini');
INSERT INTO ubicacion_parroquia (id, municipio_id, nombre) VALUES (571,165,'Arias');
INSERT INTO ubicacion_parroquia (id, municipio_id, nombre) VALUES (572,165,'Caracciolo Parra Pérez');
INSERT INTO ubicacion_parroquia (id, municipio_id, nombre) VALUES (573,165,'Domingo Peña');
INSERT INTO ubicacion_parroquia (id, municipio_id, nombre) VALUES (574,165,'El Llano');
INSERT INTO ubicacion_parroquia (id, municipio_id, nombre) VALUES (575,165,'Gonzalo Picón Febres');
INSERT INTO ubicacion_parroquia (id, municipio_id, nombre) VALUES (576,165,'Jacinto Plaza');
INSERT INTO ubicacion_parroquia (id, municipio_id, nombre) VALUES (577,165,'Juan Rodríguez Suárez');
INSERT INTO ubicacion_parroquia (id, municipio_id, nombre) VALUES (578,165,'Lasso de la Vega');
INSERT INTO ubicacion_parroquia (id, municipio_id, nombre) VALUES (579,165,'Mariano Picón Salas');
INSERT INTO ubicacion_parroquia (id, municipio_id, nombre) VALUES (580,165,'Milla');
INSERT INTO ubicacion_parroquia (id, municipio_id, nombre) VALUES (581,165,'Osuna Rodríguez');
INSERT INTO ubicacion_parroquia (id, municipio_id, nombre) VALUES (582,165,'Sagrario');
INSERT INTO ubicacion_parroquia (id, municipio_id, nombre) VALUES (583,165,'El Morro');
INSERT INTO ubicacion_parroquia (id, municipio_id, nombre) VALUES (584,165,'Los Nevados');
INSERT INTO ubicacion_parroquia (id, municipio_id, nombre) VALUES (585,166,'Miranda');
INSERT INTO ubicacion_parroquia (id, municipio_id, nombre) VALUES (586,166,'Andrés Eloy Blanco');
INSERT INTO ubicacion_parroquia (id, municipio_id, nombre) VALUES (587,166,'La Venta');
INSERT INTO ubicacion_parroquia (id, municipio_id, nombre) VALUES (588,166,'Piñango');
INSERT INTO ubicacion_parroquia (id, municipio_id, nombre) VALUES (589,167,'Obispo Ramos de Lora');
INSERT INTO ubicacion_parroquia (id, municipio_id, nombre) VALUES (590,167,'Eloy Paredes');
INSERT INTO ubicacion_parroquia (id, municipio_id, nombre) VALUES (591,167,'San Rafael de Alcázar');
INSERT INTO ubicacion_parroquia (id, municipio_id, nombre) VALUES (592,168,'Padre Noguera (Santa María de Caparo)');
INSERT INTO ubicacion_parroquia (id, municipio_id, nombre) VALUES (593,169,'Pueblo Llano');
INSERT INTO ubicacion_parroquia (id, municipio_id, nombre) VALUES (594,170,'Rangel');
INSERT INTO ubicacion_parroquia (id, municipio_id, nombre) VALUES (595,170,'Cacute');
INSERT INTO ubicacion_parroquia (id, municipio_id, nombre) VALUES (596,170,'La Toma');
INSERT INTO ubicacion_parroquia (id, municipio_id, nombre) VALUES (597,170,'Mucurubá');
INSERT INTO ubicacion_parroquia (id, municipio_id, nombre) VALUES (598,170,'San Rafael');
INSERT INTO ubicacion_parroquia (id, municipio_id, nombre) VALUES (599,171,'Rivas Dávila');
INSERT INTO ubicacion_parroquia (id, municipio_id, nombre) VALUES (600,171,'Gerónimo Maldonado');
INSERT INTO ubicacion_parroquia (id, municipio_id, nombre) VALUES (601,172,'Santos Marquina (Tabay)');
INSERT INTO ubicacion_parroquia (id, municipio_id, nombre) VALUES (602,173,'Sucre');
INSERT INTO ubicacion_parroquia (id, municipio_id, nombre) VALUES (603,173,'Chiguará');
INSERT INTO ubicacion_parroquia (id, municipio_id, nombre) VALUES (604,173,'Estánquez');
INSERT INTO ubicacion_parroquia (id, municipio_id, nombre) VALUES (605,173,'La Trampa');
INSERT INTO ubicacion_parroquia (id, municipio_id, nombre) VALUES (606,173,'Pueblo Nuevo del Sur');
INSERT INTO ubicacion_parroquia (id, municipio_id, nombre) VALUES (607,173,'San Juan');
INSERT INTO ubicacion_parroquia (id, municipio_id, nombre) VALUES (608,174,'El Amparo');
INSERT INTO ubicacion_parroquia (id, municipio_id, nombre) VALUES (609,174,'El Llano');
INSERT INTO ubicacion_parroquia (id, municipio_id, nombre) VALUES (610,174,'San Francisco');
INSERT INTO ubicacion_parroquia (id, municipio_id, nombre) VALUES (611,174,'Tovar');
INSERT INTO ubicacion_parroquia (id, municipio_id, nombre) VALUES (612,175,'Tulio Febres Cordero');
INSERT INTO ubicacion_parroquia (id, municipio_id, nombre) VALUES (613,175,'Independencia');
INSERT INTO ubicacion_parroquia (id, municipio_id, nombre) VALUES (614,175,'María de la Concepción Palacios Blanco');
INSERT INTO ubicacion_parroquia (id, municipio_id, nombre) VALUES (615,175,'Santa Apolonia');
INSERT INTO ubicacion_parroquia (id, municipio_id, nombre) VALUES (616,176,'Zea');
INSERT INTO ubicacion_parroquia (id, municipio_id, nombre) VALUES (617,176,'Caño El Tigre');
INSERT INTO ubicacion_parroquia (id, municipio_id, nombre) VALUES (618,177,'Caucagua');
INSERT INTO ubicacion_parroquia (id, municipio_id, nombre) VALUES (619,177,'Aragüita');
INSERT INTO ubicacion_parroquia (id, municipio_id, nombre) VALUES (620,177,'Arévalo González');
INSERT INTO ubicacion_parroquia (id, municipio_id, nombre) VALUES (621,177,'Capaya');
INSERT INTO ubicacion_parroquia (id, municipio_id, nombre) VALUES (622,177,'El Café');
INSERT INTO ubicacion_parroquia (id, municipio_id, nombre) VALUES (623,177,'Marizapa');
INSERT INTO ubicacion_parroquia (id, municipio_id, nombre) VALUES (624,177,'Panaquire');
INSERT INTO ubicacion_parroquia (id, municipio_id, nombre) VALUES (625,177,'Ribas');
INSERT INTO ubicacion_parroquia (id, municipio_id, nombre) VALUES (626,178,'San José de Barlovento');
INSERT INTO ubicacion_parroquia (id, municipio_id, nombre) VALUES (627,178,'Cumbo');
INSERT INTO ubicacion_parroquia (id, municipio_id, nombre) VALUES (628,179,'Baruta');
INSERT INTO ubicacion_parroquia (id, municipio_id, nombre) VALUES (629,179,'El Cafetal');
INSERT INTO ubicacion_parroquia (id, municipio_id, nombre) VALUES (630,179,'Las Minas de Baruta');
INSERT INTO ubicacion_parroquia (id, municipio_id, nombre) VALUES (631,180,'Higuerote');
INSERT INTO ubicacion_parroquia (id, municipio_id, nombre) VALUES (632,180,'Curiepe');
INSERT INTO ubicacion_parroquia (id, municipio_id, nombre) VALUES (633,180,'Tacarigua');
INSERT INTO ubicacion_parroquia (id, municipio_id, nombre) VALUES (634,181,'Mamporal');
INSERT INTO ubicacion_parroquia (id, municipio_id, nombre) VALUES (635,182,'Carrizal');
INSERT INTO ubicacion_parroquia (id, municipio_id, nombre) VALUES (636,183,'Chacao');
INSERT INTO ubicacion_parroquia (id, municipio_id, nombre) VALUES (637,184,'Charallave');
INSERT INTO ubicacion_parroquia (id, municipio_id, nombre) VALUES (638,184,'Las Brisas');
INSERT INTO ubicacion_parroquia (id, municipio_id, nombre) VALUES (639,185,'El Hatillo');
INSERT INTO ubicacion_parroquia (id, municipio_id, nombre) VALUES (640,186,'Los Teques');
INSERT INTO ubicacion_parroquia (id, municipio_id, nombre) VALUES (641,186,'Altagracia de La Montaña');
INSERT INTO ubicacion_parroquia (id, municipio_id, nombre) VALUES (642,186,'Cecilio Acosta');
INSERT INTO ubicacion_parroquia (id, municipio_id, nombre) VALUES (643,186,'El Jarillo');
INSERT INTO ubicacion_parroquia (id, municipio_id, nombre) VALUES (644,186,'Paracotos');
INSERT INTO ubicacion_parroquia (id, municipio_id, nombre) VALUES (645,186,'San Pedro');
INSERT INTO ubicacion_parroquia (id, municipio_id, nombre) VALUES (646,186,'Tácata');
INSERT INTO ubicacion_parroquia (id, municipio_id, nombre) VALUES (647,187,'Santa Teresa del Tuy');
INSERT INTO ubicacion_parroquia (id, municipio_id, nombre) VALUES (648,187,'El Cartanal');
INSERT INTO ubicacion_parroquia (id, municipio_id, nombre) VALUES (649,188,'Ocumare del Tuy');
INSERT INTO ubicacion_parroquia (id, municipio_id, nombre) VALUES (650,188,'La Democracia');
INSERT INTO ubicacion_parroquia (id, municipio_id, nombre) VALUES (651,188,'Santa Bárbara');
INSERT INTO ubicacion_parroquia (id, municipio_id, nombre) VALUES (652,189,'San Antonio de Los Altos');
INSERT INTO ubicacion_parroquia (id, municipio_id, nombre) VALUES (653,190,'Río Chico');
INSERT INTO ubicacion_parroquia (id, municipio_id, nombre) VALUES (654,190,'El Guapo');
INSERT INTO ubicacion_parroquia (id, municipio_id, nombre) VALUES (655,190,'Tacarigua de La Laguna');
INSERT INTO ubicacion_parroquia (id, municipio_id, nombre) VALUES (656,190,'Paparo');
INSERT INTO ubicacion_parroquia (id, municipio_id, nombre) VALUES (657,190,'San Fernando del Guapo');
INSERT INTO ubicacion_parroquia (id, municipio_id, nombre) VALUES (658,191,'Santa Lucía');
INSERT INTO ubicacion_parroquia (id, municipio_id, nombre) VALUES (659,192,'Cúpira');
INSERT INTO ubicacion_parroquia (id, municipio_id, nombre) VALUES (660,192,'Machurucuto');
INSERT INTO ubicacion_parroquia (id, municipio_id, nombre) VALUES (661,193,'Guarenas');
INSERT INTO ubicacion_parroquia (id, municipio_id, nombre) VALUES (662,194,'San Francisco de Yare');
INSERT INTO ubicacion_parroquia (id, municipio_id, nombre) VALUES (663,194,'San Antonio de Yare');
INSERT INTO ubicacion_parroquia (id, municipio_id, nombre) VALUES (664,195,'Petare');
INSERT INTO ubicacion_parroquia (id, municipio_id, nombre) VALUES (665,195,'Caucagüita');
INSERT INTO ubicacion_parroquia (id, municipio_id, nombre) VALUES (666,195,'Fila de Mariches');
INSERT INTO ubicacion_parroquia (id, municipio_id, nombre) VALUES (667,195,'La Dolorita');
INSERT INTO ubicacion_parroquia (id, municipio_id, nombre) VALUES (668,196,'Cúa');
INSERT INTO ubicacion_parroquia (id, municipio_id, nombre) VALUES (669,196,'Nueva Cúa');
INSERT INTO ubicacion_parroquia (id, municipio_id, nombre) VALUES (670,197,'Guatire');
INSERT INTO ubicacion_parroquia (id, municipio_id, nombre) VALUES (671,197,'Bolívar');
INSERT INTO ubicacion_parroquia (id, municipio_id, nombre) VALUES (672,198,'Acosta (San Antonio)');
INSERT INTO ubicacion_parroquia (id, municipio_id, nombre) VALUES (673,198,'San Francisco');
INSERT INTO ubicacion_parroquia (id, municipio_id, nombre) VALUES (674,199,'Aguasay');
INSERT INTO ubicacion_parroquia (id, municipio_id, nombre) VALUES (675,200,'Bolívar(Caripito)');
INSERT INTO ubicacion_parroquia (id, municipio_id, nombre) VALUES (676,201,'Caripe');
INSERT INTO ubicacion_parroquia (id, municipio_id, nombre) VALUES (677,201,'El Guácharo');
INSERT INTO ubicacion_parroquia (id, municipio_id, nombre) VALUES (678,201,'La Guanota');
INSERT INTO ubicacion_parroquia (id, municipio_id, nombre) VALUES (679,201,'Sabana de Piedra');
INSERT INTO ubicacion_parroquia (id, municipio_id, nombre) VALUES (680,201,'San Agustín');
INSERT INTO ubicacion_parroquia (id, municipio_id, nombre) VALUES (681,201,'Teresén');
INSERT INTO ubicacion_parroquia (id, municipio_id, nombre) VALUES (682,202,'Cedeño (Caicara)');
INSERT INTO ubicacion_parroquia (id, municipio_id, nombre) VALUES (683,202,'Areo');
INSERT INTO ubicacion_parroquia (id, municipio_id, nombre) VALUES (684,202,'San Félix');
INSERT INTO ubicacion_parroquia (id, municipio_id, nombre) VALUES (685,202,'Viento Fresco');
INSERT INTO ubicacion_parroquia (id, municipio_id, nombre) VALUES (686,203,'Ezequiel Zamora (Punta de Mata)');
INSERT INTO ubicacion_parroquia (id, municipio_id, nombre) VALUES (687,203,'El Tejero');
INSERT INTO ubicacion_parroquia (id, municipio_id, nombre) VALUES (688,204,'Libertador (Temblador)');
INSERT INTO ubicacion_parroquia (id, municipio_id, nombre) VALUES (689,204,'Chaguaramas');
INSERT INTO ubicacion_parroquia (id, municipio_id, nombre) VALUES (690,204,'Las Alhuacas');
INSERT INTO ubicacion_parroquia (id, municipio_id, nombre) VALUES (691,204,'Tabasca');
INSERT INTO ubicacion_parroquia (id, municipio_id, nombre) VALUES (692,205,'Maturín');
INSERT INTO ubicacion_parroquia (id, municipio_id, nombre) VALUES (693,205,'Alto de los Godos');
INSERT INTO ubicacion_parroquia (id, municipio_id, nombre) VALUES (694,205,'Boquerón');
INSERT INTO ubicacion_parroquia (id, municipio_id, nombre) VALUES (695,205,'Las Cocuizas');
INSERT INTO ubicacion_parroquia (id, municipio_id, nombre) VALUES (696,205,'San Simón');
INSERT INTO ubicacion_parroquia (id, municipio_id, nombre) VALUES (697,205,'Santa Cruz');
INSERT INTO ubicacion_parroquia (id, municipio_id, nombre) VALUES (698,205,'El Corozo');
INSERT INTO ubicacion_parroquia (id, municipio_id, nombre) VALUES (699,205,'El Furrial');
INSERT INTO ubicacion_parroquia (id, municipio_id, nombre) VALUES (700,205,'Jusepín');
INSERT INTO ubicacion_parroquia (id, municipio_id, nombre) VALUES (701,205,'La Pica');
INSERT INTO ubicacion_parroquia (id, municipio_id, nombre) VALUES (702,205,'San Vicente');
INSERT INTO ubicacion_parroquia (id, municipio_id, nombre) VALUES (703,206,'Piar (Aragua)');
INSERT INTO ubicacion_parroquia (id, municipio_id, nombre) VALUES (704,206,'Aparicio');
INSERT INTO ubicacion_parroquia (id, municipio_id, nombre) VALUES (705,206,'Chaguaramal');
INSERT INTO ubicacion_parroquia (id, municipio_id, nombre) VALUES (706,206,'El Pinto');
INSERT INTO ubicacion_parroquia (id, municipio_id, nombre) VALUES (707,206,'Guanaguana');
INSERT INTO ubicacion_parroquia (id, municipio_id, nombre) VALUES (708,206,'La Toscana');
INSERT INTO ubicacion_parroquia (id, municipio_id, nombre) VALUES (709,206,'Taguaya');
INSERT INTO ubicacion_parroquia (id, municipio_id, nombre) VALUES (710,207,'Punceres (Quiriquire)');
INSERT INTO ubicacion_parroquia (id, municipio_id, nombre) VALUES (711,207,'Cachipo');
INSERT INTO ubicacion_parroquia (id, municipio_id, nombre) VALUES (712,208,'Santa Bárbara');
INSERT INTO ubicacion_parroquia (id, municipio_id, nombre) VALUES (713,209,'Sotillo (Barrancas)');
INSERT INTO ubicacion_parroquia (id, municipio_id, nombre) VALUES (714,209,'Los Barrancos de Fajardo');
INSERT INTO ubicacion_parroquia (id, municipio_id, nombre) VALUES (715,210,'Uracoa');
INSERT INTO ubicacion_parroquia (id, municipio_id, nombre) VALUES (716,211,'Antolín del Campo (La Plaza de Paraguachí)');
INSERT INTO ubicacion_parroquia (id, municipio_id, nombre) VALUES (717,212,'Arismendi (La Asunción)');
INSERT INTO ubicacion_parroquia (id, municipio_id, nombre) VALUES (718,213,'Díaz (San Juan Bautista)');
INSERT INTO ubicacion_parroquia (id, municipio_id, nombre) VALUES (719,213,'Zabala');
INSERT INTO ubicacion_parroquia (id, municipio_id, nombre) VALUES (720,214,'García (El Valle del Espíritu Santo)');
INSERT INTO ubicacion_parroquia (id, municipio_id, nombre) VALUES (721,214,'Francisco Fajardo');
INSERT INTO ubicacion_parroquia (id, municipio_id, nombre) VALUES (722,215,'Gómez (Santa Ana)');
INSERT INTO ubicacion_parroquia (id, municipio_id, nombre) VALUES (723,215,'Bolívar');
INSERT INTO ubicacion_parroquia (id, municipio_id, nombre) VALUES (724,215,'Guevara');
INSERT INTO ubicacion_parroquia (id, municipio_id, nombre) VALUES (725,215,'Matasiete');
INSERT INTO ubicacion_parroquia (id, municipio_id, nombre) VALUES (726,215,'Sucre');
INSERT INTO ubicacion_parroquia (id, municipio_id, nombre) VALUES (727,216,'Maneiro (Pampar)');
INSERT INTO ubicacion_parroquia (id, municipio_id, nombre) VALUES (728,216,'Aguirre');
INSERT INTO ubicacion_parroquia (id, municipio_id, nombre) VALUES (729,217,'Marcano (Juangriego)');
INSERT INTO ubicacion_parroquia (id, municipio_id, nombre) VALUES (730,217,'Adrián');
INSERT INTO ubicacion_parroquia (id, municipio_id, nombre) VALUES (731,218,'Mariño (Porlamar)');
INSERT INTO ubicacion_parroquia (id, municipio_id, nombre) VALUES (732,219,'Península de Macanao (Boca del Río)');
INSERT INTO ubicacion_parroquia (id, municipio_id, nombre) VALUES (733,219,'San Francisco');
INSERT INTO ubicacion_parroquia (id, municipio_id, nombre) VALUES (734,220,'Tubores (Punta de Piedras)');
INSERT INTO ubicacion_parroquia (id, municipio_id, nombre) VALUES (735,220,'Los Barales');
INSERT INTO ubicacion_parroquia (id, municipio_id, nombre) VALUES (736,221,'Villalba (San Pedro de Coche)');
INSERT INTO ubicacion_parroquia (id, municipio_id, nombre) VALUES (737,221,'Vicente Fuentes');
INSERT INTO ubicacion_parroquia (id, municipio_id, nombre) VALUES (738,222,'Agua Blanca');
INSERT INTO ubicacion_parroquia (id, municipio_id, nombre) VALUES (739,223,'Araure');
INSERT INTO ubicacion_parroquia (id, municipio_id, nombre) VALUES (740,223,'Río Acarigua');
INSERT INTO ubicacion_parroquia (id, municipio_id, nombre) VALUES (741,224,'Esteller');
INSERT INTO ubicacion_parroquia (id, municipio_id, nombre) VALUES (742,224,'Uveral');
INSERT INTO ubicacion_parroquia (id, municipio_id, nombre) VALUES (743,225,'Guanare');
INSERT INTO ubicacion_parroquia (id, municipio_id, nombre) VALUES (744,225,'Córdoba');
INSERT INTO ubicacion_parroquia (id, municipio_id, nombre) VALUES (745,225,'San José de la Montaña');
INSERT INTO ubicacion_parroquia (id, municipio_id, nombre) VALUES (746,225,'San Juan de Guanaguanare');
INSERT INTO ubicacion_parroquia (id, municipio_id, nombre) VALUES (747,225,'Virgen de la Coromoto');
INSERT INTO ubicacion_parroquia (id, municipio_id, nombre) VALUES (748,226,'Guanarito');
INSERT INTO ubicacion_parroquia (id, municipio_id, nombre) VALUES (749,226,'Trinidad de la Capilla');
INSERT INTO ubicacion_parroquia (id, municipio_id, nombre) VALUES (750,226,'Divina Pastora');
INSERT INTO ubicacion_parroquia (id, municipio_id, nombre) VALUES (751,227,'Monseñor José Vicente de Unda');
INSERT INTO ubicacion_parroquia (id, municipio_id, nombre) VALUES (752,227,'Peña Blanca');
INSERT INTO ubicacion_parroquia (id, municipio_id, nombre) VALUES (753,228,'Ospino');
INSERT INTO ubicacion_parroquia (id, municipio_id, nombre) VALUES (754,228,'Aparición');
INSERT INTO ubicacion_parroquia (id, municipio_id, nombre) VALUES (755,228,'La Estación');
INSERT INTO ubicacion_parroquia (id, municipio_id, nombre) VALUES (756,229,'Páez');
INSERT INTO ubicacion_parroquia (id, municipio_id, nombre) VALUES (757,229,'Payara');
INSERT INTO ubicacion_parroquia (id, municipio_id, nombre) VALUES (758,229,'Pimpinela');
INSERT INTO ubicacion_parroquia (id, municipio_id, nombre) VALUES (759,229,'Ramón Peraza');
INSERT INTO ubicacion_parroquia (id, municipio_id, nombre) VALUES (760,230,'Papelón');
INSERT INTO ubicacion_parroquia (id, municipio_id, nombre) VALUES (761,230,'Caño Delgadito');
INSERT INTO ubicacion_parroquia (id, municipio_id, nombre) VALUES (762,231,'San Genaro de Boconoito');
INSERT INTO ubicacion_parroquia (id, municipio_id, nombre) VALUES (763,231,'Antolín Tovar');
INSERT INTO ubicacion_parroquia (id, municipio_id, nombre) VALUES (764,232,'San Rafael de Onoto');
INSERT INTO ubicacion_parroquia (id, municipio_id, nombre) VALUES (765,232,'Santa Fe');
INSERT INTO ubicacion_parroquia (id, municipio_id, nombre) VALUES (766,232,'Thermo Morles');
INSERT INTO ubicacion_parroquia (id, municipio_id, nombre) VALUES (767,233,'Santa Rosalía');
INSERT INTO ubicacion_parroquia (id, municipio_id, nombre) VALUES (768,233,'Florida');
INSERT INTO ubicacion_parroquia (id, municipio_id, nombre) VALUES (769,234,'Sucre');
INSERT INTO ubicacion_parroquia (id, municipio_id, nombre) VALUES (770,234,'Concepción');
INSERT INTO ubicacion_parroquia (id, municipio_id, nombre) VALUES (771,234,'San Rafael de Palo Alzado');
INSERT INTO ubicacion_parroquia (id, municipio_id, nombre) VALUES (772,234,'Uvencio Antonio Velásquez');
INSERT INTO ubicacion_parroquia (id, municipio_id, nombre) VALUES (773,234,'San José de Saguaz');
INSERT INTO ubicacion_parroquia (id, municipio_id, nombre) VALUES (774,234,'Villa Rosa');
INSERT INTO ubicacion_parroquia (id, municipio_id, nombre) VALUES (775,235,'Turén');
INSERT INTO ubicacion_parroquia (id, municipio_id, nombre) VALUES (776,235,'Canelones');
INSERT INTO ubicacion_parroquia (id, municipio_id, nombre) VALUES (777,235,'Santa Cruz');
INSERT INTO ubicacion_parroquia (id, municipio_id, nombre) VALUES (778,235,'San Isidro Labrador');
INSERT INTO ubicacion_parroquia (id, municipio_id, nombre) VALUES (779,236,'Mariño');
INSERT INTO ubicacion_parroquia (id, municipio_id, nombre) VALUES (780,236,'Rómulo Gallegos');
INSERT INTO ubicacion_parroquia (id, municipio_id, nombre) VALUES (781,237,'San José de Aerocuar');
INSERT INTO ubicacion_parroquia (id, municipio_id, nombre) VALUES (782,237,'Tavera Acosta');
INSERT INTO ubicacion_parroquia (id, municipio_id, nombre) VALUES (783,238,'Río Caribe');
INSERT INTO ubicacion_parroquia (id, municipio_id, nombre) VALUES (784,238,'Antonio José de Sucre');
INSERT INTO ubicacion_parroquia (id, municipio_id, nombre) VALUES (785,238,'El Morro de Puerto Santo');
INSERT INTO ubicacion_parroquia (id, municipio_id, nombre) VALUES (786,238,'Puerto Santo');
INSERT INTO ubicacion_parroquia (id, municipio_id, nombre) VALUES (787,238,'San Juan de Las Galdonas');
INSERT INTO ubicacion_parroquia (id, municipio_id, nombre) VALUES (788,239,'El Pilar');
INSERT INTO ubicacion_parroquia (id, municipio_id, nombre) VALUES (789,239,'El Rincón');
INSERT INTO ubicacion_parroquia (id, municipio_id, nombre) VALUES (790,239,'General Francisco Antonio Vásquez');
INSERT INTO ubicacion_parroquia (id, municipio_id, nombre) VALUES (791,239,'Guaraúnos');
INSERT INTO ubicacion_parroquia (id, municipio_id, nombre) VALUES (792,239,'Tunapuicito');
INSERT INTO ubicacion_parroquia (id, municipio_id, nombre) VALUES (793,239,'Unión');
INSERT INTO ubicacion_parroquia (id, municipio_id, nombre) VALUES (794,240,'Bolívar');
INSERT INTO ubicacion_parroquia (id, municipio_id, nombre) VALUES (795,240,'Macarapana');
INSERT INTO ubicacion_parroquia (id, municipio_id, nombre) VALUES (796,240,'Santa Catalina');
INSERT INTO ubicacion_parroquia (id, municipio_id, nombre) VALUES (797,240,'Santa Rosa');
INSERT INTO ubicacion_parroquia (id, municipio_id, nombre) VALUES (798,240,'Santa Teresa');
INSERT INTO ubicacion_parroquia (id, municipio_id, nombre) VALUES (799,241,'Bolívar');
INSERT INTO ubicacion_parroquia (id, municipio_id, nombre) VALUES (800,242,'Yaguaraparo');
INSERT INTO ubicacion_parroquia (id, municipio_id, nombre) VALUES (801,242,'El Paujil');
INSERT INTO ubicacion_parroquia (id, municipio_id, nombre) VALUES (802,242,'Libertad');
INSERT INTO ubicacion_parroquia (id, municipio_id, nombre) VALUES (803,243,'Araya');
INSERT INTO ubicacion_parroquia (id, municipio_id, nombre) VALUES (804,243,'Chacopata');
INSERT INTO ubicacion_parroquia (id, municipio_id, nombre) VALUES (805,243,'Manicuare');
INSERT INTO ubicacion_parroquia (id, municipio_id, nombre) VALUES (806,244,'Tunapuy');
INSERT INTO ubicacion_parroquia (id, municipio_id, nombre) VALUES (807,244,'Campo Elías');
INSERT INTO ubicacion_parroquia (id, municipio_id, nombre) VALUES (808,245,'Irapa');
INSERT INTO ubicacion_parroquia (id, municipio_id, nombre) VALUES (809,245,'Campo Claro');
INSERT INTO ubicacion_parroquia (id, municipio_id, nombre) VALUES (810,245,'Marabal');
INSERT INTO ubicacion_parroquia (id, municipio_id, nombre) VALUES (811,245,'San Antonio de Irapa');
INSERT INTO ubicacion_parroquia (id, municipio_id, nombre) VALUES (812,245,'Soro');
INSERT INTO ubicacion_parroquia (id, municipio_id, nombre) VALUES (813,246,'Mejía');
INSERT INTO ubicacion_parroquia (id, municipio_id, nombre) VALUES (814,247,'Cumanacoa');
INSERT INTO ubicacion_parroquia (id, municipio_id, nombre) VALUES (815,247,'Arenas');
INSERT INTO ubicacion_parroquia (id, municipio_id, nombre) VALUES (816,247,'Aricagua');
INSERT INTO ubicacion_parroquia (id, municipio_id, nombre) VALUES (817,247,'Cocollar');
INSERT INTO ubicacion_parroquia (id, municipio_id, nombre) VALUES (818,247,'San Fernando');
INSERT INTO ubicacion_parroquia (id, municipio_id, nombre) VALUES (819,247,'San Lorenzo');
INSERT INTO ubicacion_parroquia (id, municipio_id, nombre) VALUES (820,248,'Villa Frontado (Muelle de Cariaco)');
INSERT INTO ubicacion_parroquia (id, municipio_id, nombre) VALUES (821,248,'Catuaro');
INSERT INTO ubicacion_parroquia (id, municipio_id, nombre) VALUES (822,248,'Rendón');
INSERT INTO ubicacion_parroquia (id, municipio_id, nombre) VALUES (823,248,'Santa Cruz');
INSERT INTO ubicacion_parroquia (id, municipio_id, nombre) VALUES (824,248,'Santa María');
INSERT INTO ubicacion_parroquia (id, municipio_id, nombre) VALUES (825,249,'Altagracia');
INSERT INTO ubicacion_parroquia (id, municipio_id, nombre) VALUES (826,249,'Ayacucho');
INSERT INTO ubicacion_parroquia (id, municipio_id, nombre) VALUES (827,249,'Santa Inés');
INSERT INTO ubicacion_parroquia (id, municipio_id, nombre) VALUES (828,249,'Valentín Valiente');
INSERT INTO ubicacion_parroquia (id, municipio_id, nombre) VALUES (829,249,'San Juan');
INSERT INTO ubicacion_parroquia (id, municipio_id, nombre) VALUES (830,249,'Raúl Leoni');
INSERT INTO ubicacion_parroquia (id, municipio_id, nombre) VALUES (831,249,'Santa Fe');
INSERT INTO ubicacion_parroquia (id, municipio_id, nombre) VALUES (832,250,'Güiria');
INSERT INTO ubicacion_parroquia (id, municipio_id, nombre) VALUES (833,250,'Bideau');
INSERT INTO ubicacion_parroquia (id, municipio_id, nombre) VALUES (834,250,'Cristóbal Colón');
INSERT INTO ubicacion_parroquia (id, municipio_id, nombre) VALUES (835,250,'Punta de Piedras');
INSERT INTO ubicacion_parroquia (id, municipio_id, nombre) VALUES (836,251,'Andrés Bello');
INSERT INTO ubicacion_parroquia (id, municipio_id, nombre) VALUES (837,252,'Antonio Rómulo Costa');
INSERT INTO ubicacion_parroquia (id, municipio_id, nombre) VALUES (838,253,'Ayacucho');
INSERT INTO ubicacion_parroquia (id, municipio_id, nombre) VALUES (839,253,'Rivas Berti');
INSERT INTO ubicacion_parroquia (id, municipio_id, nombre) VALUES (840,253,'San Pedro del Río');
INSERT INTO ubicacion_parroquia (id, municipio_id, nombre) VALUES (841,254,'Bolívar');
INSERT INTO ubicacion_parroquia (id, municipio_id, nombre) VALUES (842,254,'Palotal');
INSERT INTO ubicacion_parroquia (id, municipio_id, nombre) VALUES (843,254,'Juan Vicente Gómez');
INSERT INTO ubicacion_parroquia (id, municipio_id, nombre) VALUES (844,254,'Isaías Medina Angarita');
INSERT INTO ubicacion_parroquia (id, municipio_id, nombre) VALUES (845,255,'Cárdenas');
INSERT INTO ubicacion_parroquia (id, municipio_id, nombre) VALUES (846,255,'Amenodoro Rangel Lamús');
INSERT INTO ubicacion_parroquia (id, municipio_id, nombre) VALUES (847,255,'La Florida');
INSERT INTO ubicacion_parroquia (id, municipio_id, nombre) VALUES (848,256,'Córdoba');
INSERT INTO ubicacion_parroquia (id, municipio_id, nombre) VALUES (849,257,'Fernández Feo');
INSERT INTO ubicacion_parroquia (id, municipio_id, nombre) VALUES (850,257,'Alberto Adriani');
INSERT INTO ubicacion_parroquia (id, municipio_id, nombre) VALUES (851,257,'Santo Domingo');
INSERT INTO ubicacion_parroquia (id, municipio_id, nombre) VALUES (852,258,'Francisco de Miranda');
INSERT INTO ubicacion_parroquia (id, municipio_id, nombre) VALUES (853,259,'García de Hevia');
INSERT INTO ubicacion_parroquia (id, municipio_id, nombre) VALUES (854,259,'Boca de Grita');
INSERT INTO ubicacion_parroquia (id, municipio_id, nombre) VALUES (855,259,'José Antonio Páez');
INSERT INTO ubicacion_parroquia (id, municipio_id, nombre) VALUES (856,260,'Guásimos');
INSERT INTO ubicacion_parroquia (id, municipio_id, nombre) VALUES (857,261,'Independencia');
INSERT INTO ubicacion_parroquia (id, municipio_id, nombre) VALUES (858,261,'Juan Germán Roscio');
INSERT INTO ubicacion_parroquia (id, municipio_id, nombre) VALUES (859,261,'Román Cárdenas');
INSERT INTO ubicacion_parroquia (id, municipio_id, nombre) VALUES (860,262,'Jáuregui');
INSERT INTO ubicacion_parroquia (id, municipio_id, nombre) VALUES (861,262,'Emilio Constantino Guerrero');
INSERT INTO ubicacion_parroquia (id, municipio_id, nombre) VALUES (862,262,'Monseñor Miguel Antonio Salas');
INSERT INTO ubicacion_parroquia (id, municipio_id, nombre) VALUES (863,263,'José María Vargas');
INSERT INTO ubicacion_parroquia (id, municipio_id, nombre) VALUES (864,264,'Junín');
INSERT INTO ubicacion_parroquia (id, municipio_id, nombre) VALUES (865,264,'La Petrólea');
INSERT INTO ubicacion_parroquia (id, municipio_id, nombre) VALUES (866,264,'Quinimarí');
INSERT INTO ubicacion_parroquia (id, municipio_id, nombre) VALUES (867,264,'Bramón');
INSERT INTO ubicacion_parroquia (id, municipio_id, nombre) VALUES (868,265,'Libertad');
INSERT INTO ubicacion_parroquia (id, municipio_id, nombre) VALUES (869,265,'Cipriano Castro');
INSERT INTO ubicacion_parroquia (id, municipio_id, nombre) VALUES (870,265,'Manuel Felipe Rugeles');
INSERT INTO ubicacion_parroquia (id, municipio_id, nombre) VALUES (871,266,'Libertador');
INSERT INTO ubicacion_parroquia (id, municipio_id, nombre) VALUES (872,266,'Emeterio Ochoa');
INSERT INTO ubicacion_parroquia (id, municipio_id, nombre) VALUES (873,266,'Doradas');
INSERT INTO ubicacion_parroquia (id, municipio_id, nombre) VALUES (874,266,'San Joaquín de Navay');
INSERT INTO ubicacion_parroquia (id, municipio_id, nombre) VALUES (875,267,'Lobatera');
INSERT INTO ubicacion_parroquia (id, municipio_id, nombre) VALUES (876,267,'Constitución');
INSERT INTO ubicacion_parroquia (id, municipio_id, nombre) VALUES (877,268,'Michelena');
INSERT INTO ubicacion_parroquia (id, municipio_id, nombre) VALUES (878,269,'Panamericano');
INSERT INTO ubicacion_parroquia (id, municipio_id, nombre) VALUES (879,269,'La Palmita');
INSERT INTO ubicacion_parroquia (id, municipio_id, nombre) VALUES (880,270,'Pedro María Ureña');
INSERT INTO ubicacion_parroquia (id, municipio_id, nombre) VALUES (881,270,'Nueva Arcadia');
INSERT INTO ubicacion_parroquia (id, municipio_id, nombre) VALUES (882,271,'Rafael Urdaneta');
INSERT INTO ubicacion_parroquia (id, municipio_id, nombre) VALUES (883,272,'Samuel Darío Maldonado');
INSERT INTO ubicacion_parroquia (id, municipio_id, nombre) VALUES (884,272,'Boconó');
INSERT INTO ubicacion_parroquia (id, municipio_id, nombre) VALUES (885,272,'Hernández');
INSERT INTO ubicacion_parroquia (id, municipio_id, nombre) VALUES (886,273,'La Concordia');
INSERT INTO ubicacion_parroquia (id, municipio_id, nombre) VALUES (887,273,'Pedro María Morantes');
INSERT INTO ubicacion_parroquia (id, municipio_id, nombre) VALUES (888,273,'San Juan Bautista');
INSERT INTO ubicacion_parroquia (id, municipio_id, nombre) VALUES (889,273,'San Sebastián');
INSERT INTO ubicacion_parroquia (id, municipio_id, nombre) VALUES (890,273,'Dr. Francisco Romero Lobo');
INSERT INTO ubicacion_parroquia (id, municipio_id, nombre) VALUES (891,274,'Seboruco');
INSERT INTO ubicacion_parroquia (id, municipio_id, nombre) VALUES (892,275,'Simón Rodríguez');
INSERT INTO ubicacion_parroquia (id, municipio_id, nombre) VALUES (893,276,'Sucre');
INSERT INTO ubicacion_parroquia (id, municipio_id, nombre) VALUES (894,276,'Eleazar López Contreras');
INSERT INTO ubicacion_parroquia (id, municipio_id, nombre) VALUES (895,276,'San Pablo');
INSERT INTO ubicacion_parroquia (id, municipio_id, nombre) VALUES (896,277,'Torbes');
INSERT INTO ubicacion_parroquia (id, municipio_id, nombre) VALUES (897,278,'Uribante');
INSERT INTO ubicacion_parroquia (id, municipio_id, nombre) VALUES (898,278,'Cárdenas');
INSERT INTO ubicacion_parroquia (id, municipio_id, nombre) VALUES (899,278,'Juan Pablo Peñaloza');
INSERT INTO ubicacion_parroquia (id, municipio_id, nombre) VALUES (900,278,'Potosí');
INSERT INTO ubicacion_parroquia (id, municipio_id, nombre) VALUES (901,279,'San Judas Tadeo');
INSERT INTO ubicacion_parroquia (id, municipio_id, nombre) VALUES (902,280,'Santa Isabel');
INSERT INTO ubicacion_parroquia (id, municipio_id, nombre) VALUES (903,280,'Araguaney');
INSERT INTO ubicacion_parroquia (id, municipio_id, nombre) VALUES (904,280,'El Jagüito');
INSERT INTO ubicacion_parroquia (id, municipio_id, nombre) VALUES (905,280,'La Esperanza');
INSERT INTO ubicacion_parroquia (id, municipio_id, nombre) VALUES (906,281,'Boconó');
INSERT INTO ubicacion_parroquia (id, municipio_id, nombre) VALUES (907,281,'El Carmen');
INSERT INTO ubicacion_parroquia (id, municipio_id, nombre) VALUES (908,281,'Mosquey');
INSERT INTO ubicacion_parroquia (id, municipio_id, nombre) VALUES (909,281,'Ayacucho');
INSERT INTO ubicacion_parroquia (id, municipio_id, nombre) VALUES (910,281,'Burbusay');
INSERT INTO ubicacion_parroquia (id, municipio_id, nombre) VALUES (911,281,'General Rivas');
INSERT INTO ubicacion_parroquia (id, municipio_id, nombre) VALUES (912,281,'General Rivas');
INSERT INTO ubicacion_parroquia (id, municipio_id, nombre) VALUES (913,281,'Vega de Guaramacal');
INSERT INTO ubicacion_parroquia (id, municipio_id, nombre) VALUES (914,281,'Monseñor Jáuregui');
INSERT INTO ubicacion_parroquia (id, municipio_id, nombre) VALUES (915,281,'Rafael Rangel');
INSERT INTO ubicacion_parroquia (id, municipio_id, nombre) VALUES (916,281,'San Miguel');
INSERT INTO ubicacion_parroquia (id, municipio_id, nombre) VALUES (917,281,'San José');
INSERT INTO ubicacion_parroquia (id, municipio_id, nombre) VALUES (918,282,'Sabana Grande');
INSERT INTO ubicacion_parroquia (id, municipio_id, nombre) VALUES (919,282,'Cheregüé');
INSERT INTO ubicacion_parroquia (id, municipio_id, nombre) VALUES (920,282,'Granados');
INSERT INTO ubicacion_parroquia (id, municipio_id, nombre) VALUES (921,283,'Chejendé');
INSERT INTO ubicacion_parroquia (id, municipio_id, nombre) VALUES (922,283,'Arnoldo Gabaldón');
INSERT INTO ubicacion_parroquia (id, municipio_id, nombre) VALUES (923,283,'Bolivia');
INSERT INTO ubicacion_parroquia (id, municipio_id, nombre) VALUES (924,283,'Carrillo');
INSERT INTO ubicacion_parroquia (id, municipio_id, nombre) VALUES (925,283,'Cegarra');
INSERT INTO ubicacion_parroquia (id, municipio_id, nombre) VALUES (926,283,'Manuel Salvador Ulloa');
INSERT INTO ubicacion_parroquia (id, municipio_id, nombre) VALUES (927,283,'San José');
INSERT INTO ubicacion_parroquia (id, municipio_id, nombre) VALUES (928,284,'Carache');
INSERT INTO ubicacion_parroquia (id, municipio_id, nombre) VALUES (929,284,'Cuicas');
INSERT INTO ubicacion_parroquia (id, municipio_id, nombre) VALUES (930,284,'La Concepción');
INSERT INTO ubicacion_parroquia (id, municipio_id, nombre) VALUES (931,284,'Panamericana');
INSERT INTO ubicacion_parroquia (id, municipio_id, nombre) VALUES (932,284,'Santa Cruz');
INSERT INTO ubicacion_parroquia (id, municipio_id, nombre) VALUES (933,285,'Escuque');
INSERT INTO ubicacion_parroquia (id, municipio_id, nombre) VALUES (934,285,'La Unión');
INSERT INTO ubicacion_parroquia (id, municipio_id, nombre) VALUES (935,285,'Sabana Libre');
INSERT INTO ubicacion_parroquia (id, municipio_id, nombre) VALUES (936,285,'Santa Rita');
INSERT INTO ubicacion_parroquia (id, municipio_id, nombre) VALUES (937,286,'El Socorro');
INSERT INTO ubicacion_parroquia (id, municipio_id, nombre) VALUES (938,286,'Antonio José de Sucre');
INSERT INTO ubicacion_parroquia (id, municipio_id, nombre) VALUES (939,286,'Los Caprichos');
INSERT INTO ubicacion_parroquia (id, municipio_id, nombre) VALUES (940,287,'Campo Elías');
INSERT INTO ubicacion_parroquia (id, municipio_id, nombre) VALUES (941,287,'Arnoldo Gabaldón');
INSERT INTO ubicacion_parroquia (id, municipio_id, nombre) VALUES (942,288,'Santa Apolonia');
INSERT INTO ubicacion_parroquia (id, municipio_id, nombre) VALUES (943,288,'El Progreso');
INSERT INTO ubicacion_parroquia (id, municipio_id, nombre) VALUES (944,288,'La Ceiba');
INSERT INTO ubicacion_parroquia (id, municipio_id, nombre) VALUES (945,288,'Tres de Febrero');
INSERT INTO ubicacion_parroquia (id, municipio_id, nombre) VALUES (946,289,'El Dividive');
INSERT INTO ubicacion_parroquia (id, municipio_id, nombre) VALUES (947,289,'Agua Santa');
INSERT INTO ubicacion_parroquia (id, municipio_id, nombre) VALUES (948,289,'Agua Caliente');
INSERT INTO ubicacion_parroquia (id, municipio_id, nombre) VALUES (949,289,'El Cenizo');
INSERT INTO ubicacion_parroquia (id, municipio_id, nombre) VALUES (950,289,'Valerita');
INSERT INTO ubicacion_parroquia (id, municipio_id, nombre) VALUES (951,290,'Monte Carmelo');
INSERT INTO ubicacion_parroquia (id, municipio_id, nombre) VALUES (952,290,'Buena Vista');
INSERT INTO ubicacion_parroquia (id, municipio_id, nombre) VALUES (953,290,'Santa María del Horcón');
INSERT INTO ubicacion_parroquia (id, municipio_id, nombre) VALUES (954,291,'Motatán');
INSERT INTO ubicacion_parroquia (id, municipio_id, nombre) VALUES (955,291,'El Baño');
INSERT INTO ubicacion_parroquia (id, municipio_id, nombre) VALUES (956,291,'Jalisco');
INSERT INTO ubicacion_parroquia (id, municipio_id, nombre) VALUES (957,291,'Pampán');
INSERT INTO ubicacion_parroquia (id, municipio_id, nombre) VALUES (958,292,'Flor de Patria');
INSERT INTO ubicacion_parroquia (id, municipio_id, nombre) VALUES (959,292,'La Paz');
INSERT INTO ubicacion_parroquia (id, municipio_id, nombre) VALUES (960,292,'Santa Ana');
INSERT INTO ubicacion_parroquia (id, municipio_id, nombre) VALUES (961,293,'Pampanito');
INSERT INTO ubicacion_parroquia (id, municipio_id, nombre) VALUES (962,293,'La Concepción');
INSERT INTO ubicacion_parroquia (id, municipio_id, nombre) VALUES (963,293,'Pampanito II');
INSERT INTO ubicacion_parroquia (id, municipio_id, nombre) VALUES (964,294,'Betijoque');
INSERT INTO ubicacion_parroquia (id, municipio_id, nombre) VALUES (965,294,'La Pueblita');
INSERT INTO ubicacion_parroquia (id, municipio_id, nombre) VALUES (966,294,'Los Cedros');
INSERT INTO ubicacion_parroquia (id, municipio_id, nombre) VALUES (967,294,'José Gregorio Hernández');
INSERT INTO ubicacion_parroquia (id, municipio_id, nombre) VALUES (968,295,'Carvajal');
INSERT INTO ubicacion_parroquia (id, municipio_id, nombre) VALUES (969,295,'Antonio Nicolás Briceño');
INSERT INTO ubicacion_parroquia (id, municipio_id, nombre) VALUES (970,295,'Campo Alegre');
INSERT INTO ubicacion_parroquia (id, municipio_id, nombre) VALUES (971,295,'José Leonardo Suárez');
INSERT INTO ubicacion_parroquia (id, municipio_id, nombre) VALUES (972,296,'Sabana de Mendoza');
INSERT INTO ubicacion_parroquia (id, municipio_id, nombre) VALUES (973,296,'El Paraíso');
INSERT INTO ubicacion_parroquia (id, municipio_id, nombre) VALUES (974,296,'Junín');
INSERT INTO ubicacion_parroquia (id, municipio_id, nombre) VALUES (975,296,'Valmore Rodríguez');
INSERT INTO ubicacion_parroquia (id, municipio_id, nombre) VALUES (976,297,'Andrés Linares');
INSERT INTO ubicacion_parroquia (id, municipio_id, nombre) VALUES (977,297,'Chiquinquirá');
INSERT INTO ubicacion_parroquia (id, municipio_id, nombre) VALUES (978,297,'Cristóbal Mendoza');
INSERT INTO ubicacion_parroquia (id, municipio_id, nombre) VALUES (979,297,'Cruz Carrillo');
INSERT INTO ubicacion_parroquia (id, municipio_id, nombre) VALUES (980,297,'Matriz');
INSERT INTO ubicacion_parroquia (id, municipio_id, nombre) VALUES (981,297,'Monseñor Carrillo');
INSERT INTO ubicacion_parroquia (id, municipio_id, nombre) VALUES (982,297,'Tres Esquinas');
INSERT INTO ubicacion_parroquia (id, municipio_id, nombre) VALUES (983,298,'La Quebrada');
INSERT INTO ubicacion_parroquia (id, municipio_id, nombre) VALUES (984,298,'Cabimbú');
INSERT INTO ubicacion_parroquia (id, municipio_id, nombre) VALUES (985,298,'Jajó');
INSERT INTO ubicacion_parroquia (id, municipio_id, nombre) VALUES (986,298,'La Mesa');
INSERT INTO ubicacion_parroquia (id, municipio_id, nombre) VALUES (987,298,'Santiago');
INSERT INTO ubicacion_parroquia (id, municipio_id, nombre) VALUES (988,298,'Tuñame');
INSERT INTO ubicacion_parroquia (id, municipio_id, nombre) VALUES (989,299,'Juan Ignacio Montilla');
INSERT INTO ubicacion_parroquia (id, municipio_id, nombre) VALUES (990,299,'La Beatriz');
INSERT INTO ubicacion_parroquia (id, municipio_id, nombre) VALUES (991,299,'Mercedes Díaz');
INSERT INTO ubicacion_parroquia (id, municipio_id, nombre) VALUES (992,299,'San Luis');
INSERT INTO ubicacion_parroquia (id, municipio_id, nombre) VALUES (993,299,'La Puerta');
INSERT INTO ubicacion_parroquia (id, municipio_id, nombre) VALUES (994,299,'Mendoza');
INSERT INTO ubicacion_parroquia (id, municipio_id, nombre) VALUES (995,300,'Caraballeda');
INSERT INTO ubicacion_parroquia (id, municipio_id, nombre) VALUES (996,300,'Carayaca');
INSERT INTO ubicacion_parroquia (id, municipio_id, nombre) VALUES (997,300,'Caruao');
INSERT INTO ubicacion_parroquia (id, municipio_id, nombre) VALUES (998,300,'Catia La Mar');
INSERT INTO ubicacion_parroquia (id, municipio_id, nombre) VALUES (999,300,'El Junko');
INSERT INTO ubicacion_parroquia (id, municipio_id, nombre) VALUES (1000,300,'La Guaira');
INSERT INTO ubicacion_parroquia (id, municipio_id, nombre) VALUES (1001,300,'Macuto');
INSERT INTO ubicacion_parroquia (id, municipio_id, nombre) VALUES (1002,300,'Maiquetía');
INSERT INTO ubicacion_parroquia (id, municipio_id, nombre) VALUES (1003,300,'Naiguatá');
INSERT INTO ubicacion_parroquia (id, municipio_id, nombre) VALUES (1004,300,'Raúl Leoni');
INSERT INTO ubicacion_parroquia (id, municipio_id, nombre) VALUES (1005,300,'Carlos Soublette');
INSERT INTO ubicacion_parroquia (id, municipio_id, nombre) VALUES (1006,301,'Arístides Bastidas');
INSERT INTO ubicacion_parroquia (id, municipio_id, nombre) VALUES (1007,302,'Bolívar');
INSERT INTO ubicacion_parroquia (id, municipio_id, nombre) VALUES (1008,303,'Bruzual');
INSERT INTO ubicacion_parroquia (id, municipio_id, nombre) VALUES (1009,303,'Campo Elías');
INSERT INTO ubicacion_parroquia (id, municipio_id, nombre) VALUES (1010,304,'Cocorote');
INSERT INTO ubicacion_parroquia (id, municipio_id, nombre) VALUES (1011,305,'Independencia');
INSERT INTO ubicacion_parroquia (id, municipio_id, nombre) VALUES (1012,306,'José Antonio Páez');
INSERT INTO ubicacion_parroquia (id, municipio_id, nombre) VALUES (1013,307,'La Trinidad');
INSERT INTO ubicacion_parroquia (id, municipio_id, nombre) VALUES (1014,308,'Manuel Monge');
INSERT INTO ubicacion_parroquia (id, municipio_id, nombre) VALUES (1015,309,'Nirgua');
INSERT INTO ubicacion_parroquia (id, municipio_id, nombre) VALUES (1016,309,'Salom');
INSERT INTO ubicacion_parroquia (id, municipio_id, nombre) VALUES (1017,309,'Temerla');
INSERT INTO ubicacion_parroquia (id, municipio_id, nombre) VALUES (1018,310,'Peña');
INSERT INTO ubicacion_parroquia (id, municipio_id, nombre) VALUES (1019,310,'San Andrés');
INSERT INTO ubicacion_parroquia (id, municipio_id, nombre) VALUES (1020,311,'San Felipe');
INSERT INTO ubicacion_parroquia (id, municipio_id, nombre) VALUES (1021,311,'Albarico');
INSERT INTO ubicacion_parroquia (id, municipio_id, nombre) VALUES (1022,311,'San Javier');
INSERT INTO ubicacion_parroquia (id, municipio_id, nombre) VALUES (1023,312,'Sucre');
INSERT INTO ubicacion_parroquia (id, municipio_id, nombre) VALUES (1024,313,'Urachiche');
INSERT INTO ubicacion_parroquia (id, municipio_id, nombre) VALUES (1025,314,'Veroes');
INSERT INTO ubicacion_parroquia (id, municipio_id, nombre) VALUES (1026,314,'El Guayabo');
INSERT INTO ubicacion_parroquia (id, municipio_id, nombre) VALUES (1027,315,'Isla de Toas');
INSERT INTO ubicacion_parroquia (id, municipio_id, nombre) VALUES (1028,315,'Monagas');
INSERT INTO ubicacion_parroquia (id, municipio_id, nombre) VALUES (1029,316,'San Timoteo');
INSERT INTO ubicacion_parroquia (id, municipio_id, nombre) VALUES (1030,316,'General Urdaneta');
INSERT INTO ubicacion_parroquia (id, municipio_id, nombre) VALUES (1031,316,'Libertador');
INSERT INTO ubicacion_parroquia (id, municipio_id, nombre) VALUES (1032,316,'Manuel Guanipa Matos');
INSERT INTO ubicacion_parroquia (id, municipio_id, nombre) VALUES (1033,316,'Marcelino Briceño');
INSERT INTO ubicacion_parroquia (id, municipio_id, nombre) VALUES (1034,316,'Pueblo Nuevo');
INSERT INTO ubicacion_parroquia (id, municipio_id, nombre) VALUES (1035,317,'Ambrosio');
INSERT INTO ubicacion_parroquia (id, municipio_id, nombre) VALUES (1036,317,'Carmen Herrera');
INSERT INTO ubicacion_parroquia (id, municipio_id, nombre) VALUES (1037,317,'Germán Ríos Linares');
INSERT INTO ubicacion_parroquia (id, municipio_id, nombre) VALUES (1038,317,'La Rosa');
INSERT INTO ubicacion_parroquia (id, municipio_id, nombre) VALUES (1039,317,'Jorge Hernández');
INSERT INTO ubicacion_parroquia (id, municipio_id, nombre) VALUES (1040,317,'Rómulo Betancourt');
INSERT INTO ubicacion_parroquia (id, municipio_id, nombre) VALUES (1041,317,'San Benito');
INSERT INTO ubicacion_parroquia (id, municipio_id, nombre) VALUES (1042,317,'Arístides Calvani');
INSERT INTO ubicacion_parroquia (id, municipio_id, nombre) VALUES (1043,317,'Punta Gorda');
INSERT INTO ubicacion_parroquia (id, municipio_id, nombre) VALUES (1044,318,'Encontrados');
INSERT INTO ubicacion_parroquia (id, municipio_id, nombre) VALUES (1045,318,'Udón Pérez');
INSERT INTO ubicacion_parroquia (id, municipio_id, nombre) VALUES (1046,319,'San Carlos del Zulia');
INSERT INTO ubicacion_parroquia (id, municipio_id, nombre) VALUES (1047,319,'Moralito');
INSERT INTO ubicacion_parroquia (id, municipio_id, nombre) VALUES (1048,319,'Santa Bárbara');
INSERT INTO ubicacion_parroquia (id, municipio_id, nombre) VALUES (1049,319,'Santa Cruz del Zulia');
INSERT INTO ubicacion_parroquia (id, municipio_id, nombre) VALUES (1050,319,'Urribarri');
INSERT INTO ubicacion_parroquia (id, municipio_id, nombre) VALUES (1051,320,'Simón Rodríguez');
INSERT INTO ubicacion_parroquia (id, municipio_id, nombre) VALUES (1052,320,'Carlos Quevedo');
INSERT INTO ubicacion_parroquia (id, municipio_id, nombre) VALUES (1053,320,'Francisco Javier Pulgar');
INSERT INTO ubicacion_parroquia (id, municipio_id, nombre) VALUES (1054,321,'La Concepción');
INSERT INTO ubicacion_parroquia (id, municipio_id, nombre) VALUES (1055,321,'José Ramón Yepes');
INSERT INTO ubicacion_parroquia (id, municipio_id, nombre) VALUES (1056,321,'Mariano Parra León');
INSERT INTO ubicacion_parroquia (id, municipio_id, nombre) VALUES (1057,321,'San José');
INSERT INTO ubicacion_parroquia (id, municipio_id, nombre) VALUES (1058,322,'Jesús María Semprún');
INSERT INTO ubicacion_parroquia (id, municipio_id, nombre) VALUES (1059,322,'Barí');
INSERT INTO ubicacion_parroquia (id, municipio_id, nombre) VALUES (1060,323,'Concepción');
INSERT INTO ubicacion_parroquia (id, municipio_id, nombre) VALUES (1061,323,'Andrés Bello');
INSERT INTO ubicacion_parroquia (id, municipio_id, nombre) VALUES (1062,323,'Chiquinquirá');
INSERT INTO ubicacion_parroquia (id, municipio_id, nombre) VALUES (1063,323,'El Carmelo');
INSERT INTO ubicacion_parroquia (id, municipio_id, nombre) VALUES (1064,323,'Potreritos');
INSERT INTO ubicacion_parroquia (id, municipio_id, nombre) VALUES (1065,323,'Patanemo');
INSERT INTO ubicacion_parroquia (id, municipio_id, nombre) VALUES (1066,324,'Alonso de Ojeda');
INSERT INTO ubicacion_parroquia (id, municipio_id, nombre) VALUES (1067,324,'Libertad');
INSERT INTO ubicacion_parroquia (id, municipio_id, nombre) VALUES (1068,324,'Campo Lara');
INSERT INTO ubicacion_parroquia (id, municipio_id, nombre) VALUES (1069,324,'Eleazar López Contreras');
INSERT INTO ubicacion_parroquia (id, municipio_id, nombre) VALUES (1070,324,'Venezuela');
INSERT INTO ubicacion_parroquia (id, municipio_id, nombre) VALUES (1071,325,'Libertad');
INSERT INTO ubicacion_parroquia (id, municipio_id, nombre) VALUES (1072,325,'Bartolomé de las Casas');
INSERT INTO ubicacion_parroquia (id, municipio_id, nombre) VALUES (1073,325,'Río Negro');
INSERT INTO ubicacion_parroquia (id, municipio_id, nombre) VALUES (1074,325,'San José de Perijá');
INSERT INTO ubicacion_parroquia (id, municipio_id, nombre) VALUES (1075,326,'San Rafael');
INSERT INTO ubicacion_parroquia (id, municipio_id, nombre) VALUES (1076,326,'La Sierrit');
INSERT INTO ubicacion_parroquia (id, municipio_id, nombre) VALUES (1077,326,'Las Parcelas');
INSERT INTO ubicacion_parroquia (id, municipio_id, nombre) VALUES (1078,326,'Luis de Vicente');
INSERT INTO ubicacion_parroquia (id, municipio_id, nombre) VALUES (1079,326,'Monseñor Marcos Sergio Godoy');
INSERT INTO ubicacion_parroquia (id, municipio_id, nombre) VALUES (1080,326,'Ricaurte');
INSERT INTO ubicacion_parroquia (id, municipio_id, nombre) VALUES (1081,326,'Tamare');
INSERT INTO ubicacion_parroquia (id, municipio_id, nombre) VALUES (1082,327,'Antonio Borjas Romero');
INSERT INTO ubicacion_parroquia (id, municipio_id, nombre) VALUES (1083,327,'Bolívar');
INSERT INTO ubicacion_parroquia (id, municipio_id, nombre) VALUES (1084,327,'Cacique Mara');
INSERT INTO ubicacion_parroquia (id, municipio_id, nombre) VALUES (1085,327,'Caracciolo Parra Pérez');
INSERT INTO ubicacion_parroquia (id, municipio_id, nombre) VALUES (1086,327,'Cecilio Acosta');
INSERT INTO ubicacion_parroquia (id, municipio_id, nombre) VALUES (1087,327,'Cristo de Aranza');
INSERT INTO ubicacion_parroquia (id, municipio_id, nombre) VALUES (1088,327,'Coquivacoa');
INSERT INTO ubicacion_parroquia (id, municipio_id, nombre) VALUES (1089,327,'Chiquinquirá');
INSERT INTO ubicacion_parroquia (id, municipio_id, nombre) VALUES (1090,327,'Francisco Eugenio Bustamante');
INSERT INTO ubicacion_parroquia (id, municipio_id, nombre) VALUES (1091,327,'Idelfonso Vásquez');
INSERT INTO ubicacion_parroquia (id, municipio_id, nombre) VALUES (1092,327,'Juana de Avila');
INSERT INTO ubicacion_parroquia (id, municipio_id, nombre) VALUES (1093,327,'Luis Hurtado Higuera');
INSERT INTO ubicacion_parroquia (id, municipio_id, nombre) VALUES (1094,327,'Manuel Dagnino');
INSERT INTO ubicacion_parroquia (id, municipio_id, nombre) VALUES (1095,327,'Olegario Villalobos');
INSERT INTO ubicacion_parroquia (id, municipio_id, nombre) VALUES (1096,327,'Raúl Leoni');
INSERT INTO ubicacion_parroquia (id, municipio_id, nombre) VALUES (1097,327,'Santa Lucía');
INSERT INTO ubicacion_parroquia (id, municipio_id, nombre) VALUES (1098,327,'Venancio Pulgar');
INSERT INTO ubicacion_parroquia (id, municipio_id, nombre) VALUES (1099,327,'San Isidro');
INSERT INTO ubicacion_parroquia (id, municipio_id, nombre) VALUES (1100,328,'Altagracia');
INSERT INTO ubicacion_parroquia (id, municipio_id, nombre) VALUES (1101,328,'Ana María Campos');
INSERT INTO ubicacion_parroquia (id, municipio_id, nombre) VALUES (1102,328,'Faría');
INSERT INTO ubicacion_parroquia (id, municipio_id, nombre) VALUES (1103,328,'San Antonio');
INSERT INTO ubicacion_parroquia (id, municipio_id, nombre) VALUES (1104,328,'San José');
INSERT INTO ubicacion_parroquia (id, municipio_id, nombre) VALUES (1105,329,'Sinamaica');
INSERT INTO ubicacion_parroquia (id, municipio_id, nombre) VALUES (1106,329,'Alta Guajira');
INSERT INTO ubicacion_parroquia (id, municipio_id, nombre) VALUES (1107,329,'Elías Sánchez Rubio');
INSERT INTO ubicacion_parroquia (id, municipio_id, nombre) VALUES (1108,329,'Guajira');
INSERT INTO ubicacion_parroquia (id, municipio_id, nombre) VALUES (1109,330,'El Rosario');
INSERT INTO ubicacion_parroquia (id, municipio_id, nombre) VALUES (1110,330,'Donaldo García');
INSERT INTO ubicacion_parroquia (id, municipio_id, nombre) VALUES (1111,330,'Sixto Zambrano');
INSERT INTO ubicacion_parroquia (id, municipio_id, nombre) VALUES (1112,331,'San Francisco');
INSERT INTO ubicacion_parroquia (id, municipio_id, nombre) VALUES (1113,331,'El Bajo');
INSERT INTO ubicacion_parroquia (id, municipio_id, nombre) VALUES (1114,331,'Domitila Flores');
INSERT INTO ubicacion_parroquia (id, municipio_id, nombre) VALUES (1115,331,'Francisco Ochoa');
INSERT INTO ubicacion_parroquia (id, municipio_id, nombre) VALUES (1116,331,'Los Cortijos');
INSERT INTO ubicacion_parroquia (id, municipio_id, nombre) VALUES (1117,331,'Marcial Hernández');
INSERT INTO ubicacion_parroquia (id, municipio_id, nombre) VALUES (1118,332,'Santa Rita');
INSERT INTO ubicacion_parroquia (id, municipio_id, nombre) VALUES (1119,332,'El Mene');
INSERT INTO ubicacion_parroquia (id, municipio_id, nombre) VALUES (1120,332,'José Cenovio Urribarri');
INSERT INTO ubicacion_parroquia (id, municipio_id, nombre) VALUES (1121,332,'Pedro Lucas Urribarri');
INSERT INTO ubicacion_parroquia (id, municipio_id, nombre) VALUES (1122,333,'Manuel Manrique');
INSERT INTO ubicacion_parroquia (id, municipio_id, nombre) VALUES (1123,333,'Rafael María Baralt');
INSERT INTO ubicacion_parroquia (id, municipio_id, nombre) VALUES (1124,333,'Rafael Urdaneta');
INSERT INTO ubicacion_parroquia (id, municipio_id, nombre) VALUES (1125,334,'Bobures');
INSERT INTO ubicacion_parroquia (id, municipio_id, nombre) VALUES (1126,334,'El Batey');
INSERT INTO ubicacion_parroquia (id, municipio_id, nombre) VALUES (1127,334,'Gibraltar');
INSERT INTO ubicacion_parroquia (id, municipio_id, nombre) VALUES (1128,334,'Heras');
INSERT INTO ubicacion_parroquia (id, municipio_id, nombre) VALUES (1129,334,'Monseñor Arturo Celestino Alvarez');
INSERT INTO ubicacion_parroquia (id, municipio_id, nombre) VALUES (1130,334,'Rómulo Gallegos');
INSERT INTO ubicacion_parroquia (id, municipio_id, nombre) VALUES (1131,335,'La Victoria');
INSERT INTO ubicacion_parroquia (id, municipio_id, nombre) VALUES (1132,335,'Rafael Urdaneta');
INSERT INTO ubicacion_parroquia (id, municipio_id, nombre) VALUES (1133,335,'Raúl Cuenca');
